timestep,mean_fractional_change,median_fractional_change,p25_fractional_change,p75_fractional_change,iqr_fractional_change,n_files
50,0.0,0.0,0.0,0.0,0.0,250
100,0.0044900971119119955,0.0,0.0,0.0,0.0,250
150,0.006750638935765998,0.0,0.0,0.0,0.0,250
200,0.00962463064689342,0.0,0.0,0.028185328185328096,0.028185328185328096,250
250,0.01119835599217049,0.0,0.0,0.03333333333333344,0.03333333333333344,250
300,0.013897925985585336,0.0,0.0,0.03571428571428581,0.03571428571428581,250
350,0.01816319794636783,0.0,0.0,0.03846153846153855,0.03846153846153855,250
400,0.02082580535713793,0.0,0.0,0.040000000000000036,0.040000000000000036,250
450,0.023329875999047033,0.0,0.0,0.041250000000000064,0.041250000000000064,250
500,0.026116202470620877,0.013513513513513487,0.0,0.04347826086956519,0.04347826086956519,250
550,0.03015467909410179,0.03279569892473122,0.0,0.04761904761904767,0.04761904761904767,250
600,0.03273807978609996,0.03571428571428581,0.0,0.050000000000000044,0.050000000000000044,250
650,0.03494539997798537,0.03703703703703698,0.0,0.05518018018018017,0.05518018018018017,250
700,0.03799102806800705,0.03703703703703698,0.0,0.06666666666666665,0.06666666666666665,250
750,0.039947140288684485,0.03846153846153855,0.0,0.07081280788177335,0.07081280788177335,250
800,0.04265632775413811,0.03846153846153855,0.0,0.07407407407407418,0.07407407407407418,250
850,0.044420519774012276,0.040000000000000036,0.0,0.08000000000000007,0.08000000000000007,250
900,0.0455801460452498,0.040000000000000036,0.0,0.08000000000000007,0.08000000000000007,250
950,0.04686332645998194,0.040000000000000036,0.0,0.08081081081081087,0.08081081081081087,250
1000,0.05028503839162042,0.04083333333333339,0.0,0.08695652173913038,0.08695652173913038,250
1050,0.05261617131327966,0.04166666666666674,0.0,0.09090909090909083,0.09090909090909083,250
1100,0.05502191540218644,0.042572463768115965,0.0,0.09486607142857151,0.09486607142857151,250
1150,0.05641665761649387,0.04347826086956519,0.0,0.09523809523809534,0.09523809523809534,250
1200,0.06063330568688862,0.04653679653679654,0.030539772727272707,0.10258620689655173,0.07204643416927903,250
1250,0.062005523392929855,0.04761904761904767,0.029634581105169255,0.10526315789473695,0.07562857678956769,250
1300,0.06489763581034068,0.06458333333333333,0.03150201612903225,0.1071428571428572,0.07564084101382496,250
1350,0.06758676907462313,0.0714285714285714,0.032258064516129004,0.11111111111111116,0.07885304659498216,250
1400,0.0708812172818892,0.0714285714285714,0.03333333333333344,0.11431623931623935,0.08098290598290592,250
1450,0.03378725630079894,0.03571428571428581,0.0,0.0860507246376811,0.0860507246376811,250
1500,0.033497330010872656,0.03571428571428581,0.0,0.0860507246376811,0.0860507246376811,250
1550,0.03324636475990741,0.03571428571428581,0.0,0.08333333333333326,0.08333333333333326,250
1600,0.03237746488919265,0.03571428571428581,0.0,0.08000000000000007,0.08000000000000007,250
1650,0.0311573224390502,0.03571428571428581,0.0,0.08000000000000007,0.08000000000000007,250
1700,0.030692404104566653,0.03571428571428581,0.0,0.08000000000000007,0.08000000000000007,250
1750,0.03039040980257235,0.03509852216748777,0.0,0.08000000000000007,0.08000000000000007,250
1800,0.030104695516858064,0.03509852216748777,0.0,0.08000000000000007,0.08000000000000007,250
1850,0.02718434602071614,0.032258064516129004,0.0,0.08000000000000007,0.08000000000000007,250
1900,0.025217110003914904,0.0317540322580645,-0.02027027027027023,0.07692307692307687,0.0971933471933471,250
1950,0.02282521717022297,0.03125,-0.03125,0.07692307692307687,0.10817307692307687,250
2000,0.021605682650276094,0.0,-0.03200604838709675,0.07692307692307687,0.10892912531017362,250
2050,0.02041187016646361,0.0,-0.033333333333333326,0.07692307692307687,0.1102564102564102,250
2100,0.019233533873127314,0.0,-0.0357142857142857,0.07692307692307687,0.11263736263736257,250
2150,0.016855010164093073,0.0,-0.03703703703703709,0.0762108262108262,0.11324786324786329,250
2200,0.014701757490840399,0.0,-0.038461538461538436,0.07407407407407418,0.11253561253561262,250
2250,0.012727401926919617,0.0,-0.038461538461538436,0.07023809523809521,0.10869963369963365,250
2300,0.011188798682199432,0.0,-0.040000000000000036,0.07023809523809521,0.11023809523809525,250
2350,0.008351724735297111,0.0,-0.040000000000000036,0.07023809523809521,0.11023809523809525,250
2400,0.006889919873492249,0.0,-0.040000000000000036,0.061544991511035596,0.10154499151103563,250
2450,0.005137258621700562,0.0,-0.040000000000000036,0.050000000000000044,0.09000000000000008,250
2500,0.003341690021417544,0.0,-0.04124999999999998,0.04940476190476195,0.09065476190476193,250
2550,0.0021585449179655357,0.0,-0.04302536231884055,0.04940476190476195,0.0924301242236025,250
2600,0.0005967315500352259,0.0,-0.04347826086956519,0.045454545454545414,0.0889328063241106,250
2650,-0.0005635573019545493,0.0,-0.04347826086956519,0.045454545454545414,0.0889328063241106,250
2700,-0.0026076715358971576,0.0,-0.045454545454545414,0.045454545454545414,0.09090909090909083,250
2750,-0.0046932356982604196,0.0,-0.045454545454545414,0.045454545454545414,0.09090909090909083,250
2800,-0.0066112042353593916,0.0,-0.045454545454545414,0.04347826086956519,0.0889328063241106,250
2850,-0.007781346685501841,0.0,-0.045454545454545414,0.04347826086956519,0.0889328063241106,250
2900,-0.009748649591935183,0.0,-0.053040540540540554,0.043025362318840576,0.09606590285938113,250
2950,-0.011473840697126288,0.0,-0.05882352941176472,0.04166666666666674,0.10049019607843146,250
3000,-0.013287305565591155,0.0,-0.05882352941176472,0.04166666666666674,0.10049019607843146,250
3050,-0.016122895702447435,-0.030776515151515138,-0.06666666666666665,0.04166666666666674,0.10833333333333339,250
3100,-0.017335197617365447,-0.03125,-0.06839080459770117,0.04166666666666674,0.1100574712643679,250
3150,-0.01921874646994656,-0.032258064516129004,-0.07407407407407407,0.040000000000000036,0.1140740740740741,250
3200,-0.020844001504766816,-0.033333333333333326,-0.07407407407407407,0.03703703703703698,0.11111111111111105,250
3250,-0.022319536225885513,-0.03448275862068961,-0.07692307692307687,0.03703703703703698,0.11396011396011385,250
3300,-0.02366091407536681,-0.0357142857142857,-0.07692307692307687,0.03703703703703698,0.11396011396011385,250
3350,-0.02490921373866648,-0.0357142857142857,-0.07692307692307687,0.03703703703703698,0.11396011396011385,250
3400,-0.02620574387519661,-0.0357142857142857,-0.07923076923076919,0.03703703703703698,0.11626780626780617,250
3450,-0.027799653102170356,-0.03703703703703709,-0.07999999999999996,0.03703703703703698,0.11703703703703694,250
3500,-0.029459943999012975,-0.03774928774928776,-0.07999999999999996,0.03703703703703698,0.11703703703703694,250
3550,-0.030148079898534078,-0.03774928774928776,-0.07999999999999996,0.03670634920634919,0.11670634920634915,250
3600,-0.03160033464814177,-0.038461538461538436,-0.08333333333333337,0.03571428571428581,0.11904761904761918,250
3650,-0.03298204464875643,-0.038461538461538436,-0.08333333333333337,0.03306451612903233,0.1163978494623657,250
3700,-0.034098564051392784,-0.039230769230769236,-0.08333333333333337,0.0,0.08333333333333337,250
3750,-0.035085570378399114,-0.040000000000000036,-0.08333333333333337,0.0,0.08333333333333337,250
3800,-0.036243142773699694,-0.040000000000000036,-0.08511904761904765,0.0,0.08511904761904765,250
3850,-0.03690086534098748,-0.040000000000000036,-0.08511904761904765,0.0,0.08511904761904765,250
3900,-0.03745993422908863,-0.04166666666666663,-0.0866459627329193,0.0,0.0866459627329193,250
3950,-0.03857184261056223,-0.04166666666666663,-0.08695652173913049,0.0,0.08695652173913049,250
4000,-0.03945306030591036,-0.04166666666666663,-0.08791560102301793,0.0,0.08791560102301793,250
4050,-0.040207485060335106,-0.04166666666666663,-0.08791560102301793,0.0,0.08791560102301793,250
4100,-0.04167839470624476,-0.04257246376811591,-0.09090909090909094,0.0,0.09090909090909094,250
4150,-0.04270958964700492,-0.04347826086956519,-0.09486607142857142,0.0,0.09486607142857142,250
4200,-0.0589178875629971,-0.06559139784946239,-0.11510989010989015,0.0,0.11510989010989015,250
4250,-0.06059803397043692,-0.06559139784946239,-0.11538461538461542,0.0,0.11538461538461542,250
4300,-0.06087422444662739,-0.06666666666666665,-0.11538461538461542,0.0,0.11538461538461542,250
4350,-0.061817378766596605,-0.067816091954023,-0.11538461538461542,0.0,0.11538461538461542,250
4400,-0.06245416327838111,-0.067816091954023,-0.11708144796380093,0.0,0.11708144796380093,250
4450,-0.0634883580491276,-0.06896551724137934,-0.11708144796380093,0.0,0.11708144796380093,250
4500,-0.06408751148828105,-0.06896551724137934,-0.11708144796380093,0.0,0.11708144796380093,250
4550,-0.06454321041301224,-0.06896551724137934,-0.11941176470588236,0.0,0.11941176470588236,250
4600,-0.06552166159146341,-0.0714285714285714,-0.12,0.0,0.12,250
4650,-0.06594862488401068,-0.0714285714285714,-0.12,0.0,0.12,250
4700,-0.06724511193962818,-0.0714285714285714,-0.12,0.0,0.12,250
4750,-0.06854176324531175,-0.0714285714285714,-0.12,0.0,0.12,250
4800,-0.08722445516825629,-0.08695652173913049,-0.14814814814814814,-0.03739316239316243,0.11075498575498571,250
4850,-0.08977714238885955,-0.08893280632411071,-0.14814814814814814,-0.038461538461538436,0.1096866096866097,250
4900,-0.09206775800720308,-0.09090909090909094,-0.15067340067340065,-0.038461538461538436,0.11221186221186222,250
4950,-0.09391978893923401,-0.09090909090909094,-0.15067340067340065,-0.038846153846153836,0.11182724682724682,250
5000,-0.09500689978708655,-0.09090909090909094,-0.15067340067340065,-0.040000000000000036,0.11067340067340062,250
5050,-0.09698561133138207,-0.09232954545454547,-0.15384615384615385,-0.040000000000000036,0.11384615384615382,250
5100,-0.09876001314578389,-0.09523809523809523,-0.15564903846153846,-0.040000000000000036,0.11564903846153843,250
5150,-0.0999675332944805,-0.09677419354838712,-0.15748355263157898,-0.040000000000000036,0.11748355263157895,250
5200,-0.10098347694815234,-0.09999999999999998,-0.15947368421052635,-0.040000000000000036,0.11947368421052632,250
5250,-0.10245198128835761,-0.09999999999999998,-0.16000000000000003,-0.040000000000000036,0.12,250
5300,-0.103574099460041,-0.10344827586206895,-0.16000000000000003,-0.040000000000000036,0.12,250
5350,-0.10468840441434597,-0.1043557168784029,-0.16000000000000003,-0.040000000000000036,0.12,250
5400,-0.10606751556500883,-0.1071428571428571,-0.16666666666666663,-0.040416666666666684,0.12624999999999995,250
5450,-0.10688619209184805,-0.1071428571428571,-0.17097701149425287,-0.04211956521739127,0.1288574462768616,250
5500,-0.10891227423448191,-0.1071428571428571,-0.1724137931034483,-0.045454545454545414,0.12695924764890287,250
5550,-0.11051967544659755,-0.1071428571428571,-0.17353823088455772,-0.045454545454545414,0.1280836854300123,250
5600,-0.11306048257050813,-0.11111111111111116,-0.17391304347826086,-0.04599567099567098,0.1279173724825899,250
5650,-0.11476898995674371,-0.11538461538461542,-0.17391304347826086,-0.051339285714285754,0.12257375776397511,250
5700,-0.11585416736803807,-0.11651583710407243,-0.17391304347826086,-0.051339285714285754,0.12257375776397511,250
5750,-0.11758992630561188,-0.11882352941176472,-0.17391304347826086,-0.051339285714285754,0.12257375776397511,250
5800,-0.11910764176245778,-0.12,-0.17391304347826086,-0.0714285714285714,0.10248447204968947,250
5850,-0.12061789946345716,-0.12,-0.17740683229813667,-0.07407407407407407,0.1033327582240626,250
5900,-0.12232627591999629,-0.12,-0.18181818181818177,-0.07407407407407407,0.1077441077441077,250
5950,-0.12387010468382507,-0.1206060606060606,-0.18181818181818177,-0.07692307692307687,0.1048951048951049,250
6000,-0.12570626166524523,-0.125,-0.18434343434343436,-0.07692307692307687,0.10742035742035749,250
6050,-0.12800035037846436,-0.125,-0.18518518518518523,-0.07692307692307687,0.10826210826210836,250
6100,-0.12889273761488385,-0.13043478260869568,-0.18518518518518523,-0.07692307692307687,0.10826210826210836,250
6150,-0.1295325644547107,-0.1333333333333333,-0.18818818818818817,-0.07692307692307687,0.1112651112651113,250
6200,-0.1300833000094785,-0.1333333333333333,-0.18876689189189186,-0.07692307692307687,0.11184381496881499,250
6250,-0.13161897012367804,-0.1333333333333333,-0.19015444015444014,-0.07692307692307687,0.11323136323136326,250
6300,-0.1336939818772873,-0.1342342342342342,-0.19184981684981683,-0.07999999999999996,0.11184981684981687,250
6350,-0.13418349236679775,-0.1342342342342342,-0.1923076923076923,-0.07999999999999996,0.11230769230769233,250
6400,-0.135087919149822,-0.13574938574938572,-0.19807692307692304,-0.07999999999999996,0.11807692307692308,250
6450,-0.13614103624206952,-0.13636363636363635,-0.19999999999999996,-0.07999999999999996,0.12,250
6500,-0.1371868110993961,-0.13636363636363635,-0.19999999999999996,-0.07999999999999996,0.12,250
6550,-0.13836176495435,-0.13714733542319751,-0.19999999999999996,-0.07999999999999996,0.12,250
6600,-0.13946433896648922,-0.13793103448275867,-0.19999999999999996,-0.07999999999999996,0.12,250
6650,-0.14017764824591541,-0.1428571428571429,-0.19999999999999996,-0.07999999999999996,0.12,250
6700,-0.14130128756955473,-0.1428571428571429,-0.19999999999999996,-0.08423913043478265,0.1157608695652173,250
6750,-0.1423427007800002,-0.1428571428571429,-0.19999999999999996,-0.08695652173913049,0.11304347826086947,250
6800,-0.1440968605031922,-0.1428571428571429,-0.20517241379310341,-0.08695652173913049,0.11821589205397293,250
6850,-0.14483725502815192,-0.1428571428571429,-0.2079741379310345,-0.08695652173913049,0.12101761619190401,250
6900,-0.1456038603793225,-0.1428571428571429,-0.20833333333333337,-0.08695652173913049,0.12137681159420288,250
6950,-0.1467112415069668,-0.1428571428571429,-0.20833333333333337,-0.08695652173913049,0.12137681159420288,250
7000,-0.14754023917596445,-0.1428571428571429,-0.21117424242424246,-0.08695652173913049,0.12421772068511197,250
7050,-0.14840050853623382,-0.1428571428571429,-0.21374458874458876,-0.0879446640316206,0.12579992471296816,250
7100,-0.15001544681675608,-0.14814814814814814,-0.21374458874458876,-0.09090909090909094,0.12283549783549783,250
7150,-0.15135054264088416,-0.14814814814814814,-0.21739130434782605,-0.0916193181818182,0.12577198616600785,250
7200,-0.15172091301125454,-0.14814814814814814,-0.21739130434782605,-0.0916193181818182,0.12577198616600785,250
7250,-0.15248161460850787,-0.14814814814814814,-0.21739130434782605,-0.0916193181818182,0.12577198616600785,250
7300,-0.15343198016499035,-0.14814814814814814,-0.2222222222222222,-0.0916193181818182,0.130602904040404,250
7350,-0.16880458683103672,-0.16666666666666663,-0.23076923076923073,-0.10344827586206895,0.12732095490716178,250
7400,-0.16965497241570224,-0.16666666666666663,-0.23076923076923073,-0.1057330827067669,0.12503614806246383,250
7450,-0.18398584085556902,-0.18834459459459457,-0.2478448275862069,-0.125,0.1228448275862069,250
7500,-0.18430790204719544,-0.1898326898326898,-0.2478448275862069,-0.125,0.1228448275862069,250
7550,-0.18536966184550693,-0.1898326898326898,-0.25,-0.125,0.125,250
7600,-0.18704078256080914,-0.19139194139194138,-0.25,-0.13043478260869568,0.11956521739130432,250
7650,-0.18861146258884207,-0.19139194139194138,-0.25,-0.13043478260869568,0.11956521739130432,250
7700,-0.1897161379135174,-0.19139194139194138,-0.25,-0.13043478260869568,0.11956521739130432,250
7750,-0.19081969961363085,-0.1923076923076923,-0.25,-0.13043478260869568,0.11956521739130432,250
7800,-0.1932893348173965,-0.1923076923076923,-0.25783410138248847,-0.13115942028985508,0.12667468109263338,250
7850,-0.1946017693393962,-0.1923076923076923,-0.25806451612903225,-0.13115942028985508,0.12690509583917717,250
7900,-0.19595675814921337,-0.1967741935483871,-0.25896057347670254,-0.13409090909090907,0.12486966438579347,250
7950,-0.19783211834923037,-0.19999999999999996,-0.26046698872785834,-0.13636363636363635,0.12410335236422199,250
8000,-0.19936891276462226,-0.19999999999999996,-0.26086956521739135,-0.13636363636363635,0.124505928853755,250
8050,-0.20101345821528463,-0.19999999999999996,-0.26086956521739135,-0.13793103448275867,0.12293853073463268,250
8100,-0.20256955166497556,-0.19999999999999996,-0.26086956521739135,-0.13916256157635473,0.12170700364103662,250
8150,-0.20422579023733106,-0.19999999999999996,-0.26086956521739135,-0.1428571428571429,0.11801242236024845,250
8200,-0.20601618149942325,-0.19999999999999996,-0.26086956521739135,-0.1428571428571429,0.11801242236024845,250
8250,-0.20741875551156247,-0.19999999999999996,-0.26086956521739135,-0.1428571428571429,0.11801242236024845,250
8300,-0.20909196063976762,-0.19999999999999996,-0.26086956521739135,-0.14814814814814814,0.11272141706924321,250
8350,-0.21089488390035957,-0.19999999999999996,-0.26086956521739135,-0.15000000000000002,0.11086956521739133,250
8400,-0.21343918895534678,-0.20761494252873564,-0.2657894736842106,-0.15096153846153848,0.1148279352226721,250
8450,-0.2148630476853224,-0.20833333333333337,-0.2666666666666667,-0.15384615384615385,0.11282051282051286,250
8500,-0.21579024345251818,-0.20833333333333337,-0.2666666666666667,-0.1544471153846154,0.11221955128205133,250
8550,-0.2169659823432571,-0.21130952380952384,-0.2666666666666667,-0.15666118421052633,0.11000548245614039,250
8600,-0.21864444083739776,-0.2142857142857143,-0.2692307692307693,-0.16000000000000003,0.10923076923076924,250
8650,-0.22019651896860631,-0.2142857142857143,-0.2718531468531469,-0.16000000000000003,0.11185314685314685,250
8700,-0.22136348988014243,-0.2142857142857143,-0.2727272727272727,-0.16000000000000003,0.11272727272727268,250
8750,-0.22270097239762496,-0.2142857142857143,-0.2781818181818182,-0.16000000000000003,0.11818181818181817,250
8800,-0.22384478192143448,-0.2142857142857143,-0.28,-0.16000000000000003,0.12,250
8850,-0.2244557709324235,-0.21583850931677018,-0.28,-0.16000000000000003,0.12,250
8900,-0.22578146893812148,-0.21807065217391303,-0.28,-0.16000000000000003,0.12,250
8950,-0.22602075465240723,-0.21807065217391303,-0.28428571428571425,-0.16000000000000003,0.12428571428571422,250
9000,-0.22788218929619478,-0.2222222222222222,-0.2901785714285714,-0.16000000000000003,0.13017857142857137,250
9050,-0.2286190441080496,-0.22474747474747475,-0.2901785714285714,-0.16000000000000003,0.13017857142857137,250
9100,-0.23017882537599357,-0.2272727272727273,-0.29166666666666663,-0.16000000000000003,0.1316666666666666,250
9150,-0.23076030685747503,-0.2272727272727273,-0.29513888888888884,-0.16000000000000003,0.1351388888888888,250
9200,-0.23302226957586888,-0.23076923076923073,-0.30227272727272725,-0.1626344086021505,0.13963831867057674,250
9250,-0.23374243374124176,-0.23076923076923073,-0.303030303030303,-0.1626344086021505,0.14039589442815248,250
9300,-0.23465230683111485,-0.23076923076923073,-0.303030303030303,-0.1626344086021505,0.14039589442815248,250
9350,-0.2352856401644482,-0.23076923076923073,-0.303030303030303,-0.16666666666666663,0.13636363636363635,250
9400,-0.23616479721123496,-0.23076923076923073,-0.303030303030303,-0.16666666666666663,0.13636363636363635,250
9450,-0.23695320739619688,-0.232051282051282,-0.303030303030303,-0.16810344827586204,0.13492685475444094,250
9500,-0.23779246506103852,-0.23333333333333328,-0.303030303030303,-0.1724137931034483,0.1306165099268547,250
9550,-0.23861193892051238,-0.23333333333333328,-0.303030303030303,-0.1724137931034483,0.1306165099268547,250
9600,-0.26350525104731864,-0.2592592592592593,-0.33333333333333337,-0.1942307692307692,0.13910256410256416,250
9650,-0.26410209512527966,-0.2592592592592593,-0.33333333333333337,-0.1942307692307692,0.13910256410256416,250
9700,-0.2647364540996386,-0.2592592592592593,-0.33333333333333337,-0.1942307692307692,0.13910256410256416,250
9750,-0.26534621758299953,-0.2592592592592593,-0.33333333333333337,-0.19999999999999996,0.13333333333333341,250
9800,-0.2668699394835364,-0.2592592592592593,-0.33333333333333337,-0.19999999999999996,0.13333333333333341,250
9850,-0.2779569550314343,-0.2692307692307693,-0.34707646176911544,-0.20725574712643677,0.13982071464267867,250
9900,-0.2788421876532186,-0.270979020979021,-0.34707646176911544,-0.20833333333333337,0.13874312843578207,250
9950,-0.2799842316114391,-0.270979020979021,-0.3504700352526439,-0.21146616541353383,0.1390038698391101,250
10000,-0.28030423161143914,-0.2727272727272727,-0.3504700352526439,-0.21146616541353383,0.1390038698391101,250
10050,-0.28144523704958024,-0.2727272727272727,-0.35254372019077895,-0.2142857142857143,0.13825800590506465,250
10100,-0.2830164652501038,-0.2727272727272727,-0.35254372019077895,-0.21773097826086954,0.1348127419299094,250
10150,-0.2836126557262943,-0.274294670846395,-0.35254372019077895,-0.21875,0.13379372019077895,250
10200,-0.28439754916192944,-0.27793103448275863,-0.35254372019077895,-0.21875,0.13379372019077895,250
10250,-0.2855330175785148,-0.28,-0.35254372019077895,-0.21961805555555555,0.1329256646352234,250
10300,-0.28584686373236096,-0.28,-0.35254372019077895,-0.21961805555555555,0.1329256646352234,250
10350,-0.2864425626570921,-0.28,-0.35254372019077895,-0.21961805555555555,0.1329256646352234,250
10400,-0.2870573774719069,-0.28285714285714286,-0.35254372019077895,-0.21961805555555555,0.1329256646352234,250
10450,-0.28842867035819986,-0.2857142857142857,-0.35656682027649766,-0.2222222222222222,0.13434459805427545,250
10500,-0.2894644517088095,-0.2857142857142857,-0.35928571428571426,-0.2222222222222222,0.13706349206349205,250
10550,-0.2915276271186859,-0.2857142857142857,-0.36,-0.2222222222222222,0.13777777777777778,250
10600,-0.2930624447291857,-0.2857142857142857,-0.36363636363636365,-0.2222222222222222,0.14141414141414144,250
10650,-0.2942041775932715,-0.2880184331797235,-0.36363636363636365,-0.2222222222222222,0.14141414141414144,250
10700,-0.2948922570744544,-0.29099462365591394,-0.3666666666666667,-0.22311827956989247,0.14354838709677423,250
10750,-0.29611427172646904,-0.29099462365591394,-0.3666666666666667,-0.2272727272727273,0.1393939393939394,250
10800,-0.29830592250768506,-0.29166666666666663,-0.3679824561403509,-0.2272727272727273,0.14070972886762362,250
10850,-0.30021731370519317,-0.2962962962962963,-0.3679824561403509,-0.23076923076923073,0.13721322537112018,250
10900,-0.3017510135140422,-0.2962962962962963,-0.3679824561403509,-0.2345238095238095,0.13345864661654142,250
10950,-0.30339290904033134,-0.2962962962962963,-0.3679824561403509,-0.23809523809523814,0.12988721804511277,250
11000,-0.30518605802959725,-0.30000000000000004,-0.3679824561403509,-0.24,0.12798245614035092,250
11050,-0.30595419840385457,-0.30000000000000004,-0.3698830409356725,-0.24,0.1298830409356725,250
11100,-0.3070203764790649,-0.30000000000000004,-0.37037037037037035,-0.24,0.13037037037037036,250
11150,-0.30783056815741927,-0.30000000000000004,-0.37037037037037035,-0.24,0.13037037037037036,250
11200,-0.3087782090591906,-0.3021739130434783,-0.37037037037037035,-0.24,0.13037037037037036,250
11250,-0.30919585611801415,-0.3021739130434783,-0.37037037037037035,-0.2403448275862069,0.13002554278416345,250
11300,-0.309935425727149,-0.30368906455862976,-0.37037037037037035,-0.2403448275862069,0.13002554278416345,250
11350,-0.3115995819556988,-0.30368906455862976,-0.37410714285714286,-0.24353448275862072,0.13057266009852214,250
11400,-0.3124991346213684,-0.30368906455862976,-0.37410714285714286,-0.25,0.12410714285714286,250
11450,-0.31329206391429765,-0.30368906455862976,-0.375,-0.25,0.125,250
11500,-0.3139432044404382,-0.30368906455862976,-0.375,-0.25,0.125,250
11550,-0.31462684080407455,-0.30368906455862976,-0.375,-0.25,0.125,250
11600,-0.315932918558848,-0.30434782608695654,-0.375,-0.25,0.125,250
11650,-0.3169262592887404,-0.3060200668896321,-0.375,-0.25,0.125,250
11700,-0.31752481535632876,-0.3060200668896321,-0.3782327586206896,-0.2592592592592593,0.11897349936143031,250
11750,-0.3183534060249194,-0.3076923076923077,-0.3805418719211823,-0.2592592592592593,0.12128261266192297,250
11800,-0.3190583516250142,-0.3076923076923077,-0.3805418719211823,-0.2592592592592593,0.12128261266192297,250
11850,-0.31981002125168384,-0.3090185676392573,-0.38095238095238093,-0.2592592592592593,0.12169312169312163,250
11900,-0.32112587297634176,-0.3114224137931034,-0.38369963369963367,-0.2592592592592593,0.12444037444037437,250
11950,-0.3214981673486362,-0.3114224137931034,-0.3846153846153846,-0.2592592592592593,0.12535612535612528,250
12000,-0.32231259321262723,-0.3125,-0.3846153846153846,-0.2640350877192983,0.12058029689608629,250
12050,-0.32341976492591595,-0.3153409090909091,-0.3846153846153846,-0.2666666666666667,0.11794871794871786,250
12100,-0.32480931174738087,-0.31818181818181823,-0.3870967741935484,-0.2666666666666667,0.12043010752688166,250
12150,-0.32614753766619076,-0.31818181818181823,-0.3870967741935484,-0.2666666666666667,0.12043010752688166,250
12200,-0.3264613838200369,-0.31818181818181823,-0.3870967741935484,-0.2666666666666667,0.12043010752688166,250
12250,-0.32801232177097484,-0.31999999999999995,-0.3870967741935484,-0.2666666666666667,0.12043010752688166,250
12300,-0.32860080225600713,-0.31999999999999995,-0.3870967741935484,-0.26730769230769236,0.11978908188585602,250
12350,-0.3288975055527104,-0.31999999999999995,-0.3870967741935484,-0.26730769230769236,0.11978908188585602,250
12400,-0.3296677148924849,-0.3214285714285714,-0.3902524544179523,-0.26730769230769236,0.12294476211025995,250
12450,-0.33136709014686017,-0.3214285714285714,-0.3902524544179523,-0.2727272727272727,0.1175251816906796,250
12500,-0.33254738070215073,-0.32258064516129037,-0.3902524544179523,-0.2727272727272727,0.1175251816906796,250
12550,-0.33380121438054966,-0.32345248474280736,-0.3913043478260869,-0.2727272727272727,0.11857707509881421,250
12600,-0.334404063749516,-0.32882882882882886,-0.3913043478260869,-0.2727272727272727,0.11857707509881421,250
12650,-0.33512840237385455,-0.32882882882882886,-0.3913043478260869,-0.27586206896551724,0.11544227886056968,250
12700,-0.3364374501681655,-0.33333333333333337,-0.4,-0.28,0.12,250
12750,-0.3371021467618944,-0.33333333333333337,-0.4,-0.28,0.12,250
12800,-0.3374466705714182,-0.33333333333333337,-0.4,-0.28,0.12,250
12850,-0.33839900249278243,-0.33333333333333337,-0.4,-0.28,0.12,250
12900,-0.3391176643804765,-0.33333333333333337,-0.4,-0.28,0.12,250
12950,-0.33987227634868594,-0.33333333333333337,-0.4,-0.28,0.12,250
13000,-0.3410668909894175,-0.33333333333333337,-0.4,-0.2803125,0.1196875,250
13050,-0.3418163401354184,-0.33333333333333337,-0.4046875,-0.2803125,0.12437499999999996,250
13100,-0.34255928681836506,-0.33333333333333337,-0.4046875,-0.28125,0.12343749999999998,250
13150,-0.34332634800999146,-0.33333333333333337,-0.40625,-0.2823660714285714,0.1238839285714286,250
13200,-0.34394401996766344,-0.33333333333333337,-0.40625,-0.2823660714285714,0.1238839285714286,250
13250,-0.3445578661215096,-0.33333333333333337,-0.40867003367003363,-0.2857142857142857,0.12295574795574793,250
13300,-0.3455407099443535,-0.3449519230769231,-0.40867003367003363,-0.2857142857142857,0.12295574795574793,250
13350,-0.3466972334208769,-0.3449519230769231,-0.41594827586206895,-0.2857142857142857,0.13023399014778325,250
13400,-0.34743323889343414,-0.34615384615384615,-0.41594827586206895,-0.2857142857142857,0.13023399014778325,250
13450,-0.3590770178077281,-0.3571428571428571,-0.42719780219780223,-0.29282407407407407,0.13437372812372816,250
13500,-0.35967934881005914,-0.3571428571428571,-0.42719780219780223,-0.2962962962962963,0.13090150590150595,250
13550,-0.3602988572585999,-0.3571428571428571,-0.42719780219780223,-0.2962962962962963,0.13090150590150595,250
13600,-0.36105655048532537,-0.3571428571428571,-0.42719780219780223,-0.2962962962962963,0.13090150590150595,250
13650,-0.36194349546882204,-0.35857142857142854,-0.4285714285714286,-0.30000000000000004,0.12857142857142856,250
13700,-0.3625948374601641,-0.35857142857142854,-0.4285714285714286,-0.30000000000000004,0.12857142857142856,250
13750,-0.3633799479818263,-0.35857142857142854,-0.4285714285714286,-0.30000000000000004,0.12857142857142856,250
13800,-0.36459686857374685,-0.36,-0.4368206521739131,-0.30000000000000004,0.13682065217391304,250
13850,-0.3655675518035606,-0.36,-0.4368206521739131,-0.30000000000000004,0.13682065217391304,250
13900,-0.36629086871653266,-0.36,-0.4368206521739131,-0.30000000000000004,0.13682065217391304,250
13950,-0.3681164993821633,-0.36,-0.4375,-0.3007575757575758,0.13674242424242422,250
14000,-0.3694090972977526,-0.3618181818181818,-0.43937499999999996,-0.3033596837944664,0.1360153162055336,250
14050,-0.37051801734322437,-0.3618181818181818,-0.43999999999999995,-0.30434782608695654,0.1356521739130434,250
14100,-0.3711885633833356,-0.36363636363636365,-0.43999999999999995,-0.30434782608695654,0.1356521739130434,250
14150,-0.3719660190999218,-0.36363636363636365,-0.43999999999999995,-0.3076923076923077,0.13230769230769224,250
14200,-0.3734220996055675,-0.36515151515151517,-0.44088235294117645,-0.3076923076923077,0.13319004524886874,250
14250,-0.3748287225278726,-0.3666666666666667,-0.44088235294117645,-0.3076923076923077,0.13319004524886874,250
14300,-0.37512205586120595,-0.3666666666666667,-0.44088235294117645,-0.3076923076923077,0.13319004524886874,250
14350,-0.3762641092789415,-0.37037037037037035,-0.44088235294117645,-0.31034482758620685,0.1305375253549696,250
14400,-0.3770972694521016,-0.37037037037037035,-0.45077864293659625,-0.31034482758620685,0.1404338153503894,250
14450,-0.3783159507812935,-0.3726851851851852,-0.45381231671554256,-0.3125,0.14131231671554256,250
14500,-0.37876080222614494,-0.375,-0.45381231671554256,-0.3125,0.14131231671554256,250
14550,-0.3798550226293976,-0.375,-0.45381231671554256,-0.31332236842105265,0.1404899482944899,250
14600,-0.3809061786912954,-0.375,-0.4545454545454546,-0.31332236842105265,0.14122308612440193,250
14650,-0.3813618776160266,-0.375,-0.4545454545454546,-0.31638755980861244,0.13815789473684215,250
14700,-0.3818395332936822,-0.375,-0.4545454545454546,-0.31638755980861244,0.13815789473684215,250
14750,-0.38313331210746104,-0.375,-0.4545454545454546,-0.31818181818181823,0.13636363636363635,250
14800,-0.3841166999294463,-0.375,-0.4545454545454546,-0.31818181818181823,0.13636363636363635,250
14850,-0.38549569111567145,-0.375,-0.45833333333333337,-0.31999999999999995,0.13833333333333342,250
14900,-0.38663676696233124,-0.3788443616029823,-0.45833333333333337,-0.31999999999999995,0.13833333333333342,250
14950,-0.3872495261596556,-0.38013136288998356,-0.45833333333333337,-0.31999999999999995,0.13833333333333342,250
15000,-0.38855243983213456,-0.38095238095238093,-0.45833333333333337,-0.31999999999999995,0.13833333333333342,250
15050,-0.38902921001846996,-0.38095238095238093,-0.45833333333333337,-0.31999999999999995,0.13833333333333342,250
15100,-0.38976825763751755,-0.38278388278388276,-0.45833333333333337,-0.3214285714285714,0.13690476190476197,250
15150,-0.3904392466485066,-0.38278388278388276,-0.4607371794871795,-0.3214285714285714,0.13930860805860812,250
15200,-0.3914523637407541,-0.3846153846153846,-0.4607371794871795,-0.3214285714285714,0.13930860805860812,250
15250,-0.39222664379621064,-0.3858560794044665,-0.4607371794871795,-0.3214285714285714,0.13930860805860812,250
15300,-0.39271382328339005,-0.38920056100981765,-0.46153846153846156,-0.3214285714285714,0.14010989010989017,250
15350,-0.39309383593361147,-0.3913043478260869,-0.46153846153846156,-0.3214285714285714,0.14010989010989017,250
15400,-0.3932843121240877,-0.3913043478260869,-0.46153846153846156,-0.3214285714285714,0.14010989010989017,250
15450,-0.39341764545742103,-0.3913043478260869,-0.46153846153846156,-0.3214285714285714,0.14010989010989017,250
15500,-0.39403531741509296,-0.3920807453416149,-0.46153846153846156,-0.3214285714285714,0.14010989010989017,250
15550,-0.3952034831623891,-0.3928571428571429,-0.4653846153846154,-0.32440476190476186,0.14097985347985353,250
15600,-0.3963824654704037,-0.3928571428571429,-0.4653846153846154,-0.33333333333333337,0.13205128205128203,250
15650,-0.39687637851388197,-0.3928571428571429,-0.4653846153846154,-0.33333333333333337,0.13205128205128203,250
15700,-0.3973212299587334,-0.3928571428571429,-0.4660714285714286,-0.33333333333333337,0.1327380952380952,250
15750,-0.3988972460843147,-0.3933982683982684,-0.4660714285714286,-0.33333333333333337,0.1327380952380952,250
15800,-0.39987084145446183,-0.396969696969697,-0.4660714285714286,-0.33333333333333337,0.1327380952380952,250
15850,-0.40096683342545386,-0.396969696969697,-0.4660714285714286,-0.33333333333333337,0.1327380952380952,250
15900,-0.4016011923998128,-0.396969696969697,-0.4666666666666667,-0.33333333333333337,0.1333333333333333,250
15950,-0.40188003855365895,-0.4,-0.4666666666666667,-0.3359375,0.13072916666666667,250
16000,-0.40304447095727286,-0.4,-0.4696078431372549,-0.34401939655172414,0.12558844658553076,250
16050,-0.403198317111119,-0.4,-0.4696078431372549,-0.34401939655172414,0.12558844658553076,250
16100,-0.4036669780797799,-0.4,-0.4696078431372549,-0.3448275862068966,0.12478025693035832,250
16150,-0.40414133705413896,-0.4,-0.4729102167182663,-0.3448275862068966,0.1280826305113697,250
16200,-0.4045923174462958,-0.4,-0.4729102167182663,-0.3448275862068966,0.1280826305113697,250
16250,-0.4049741356281139,-0.4,-0.4729102167182663,-0.3448275862068966,0.1280826305113697,250
16300,-0.40603347348055524,-0.4,-0.4755639097744361,-0.34615384615384615,0.12941006362058993,250
16350,-0.40663195832904014,-0.4,-0.4755639097744361,-0.34615384615384615,0.12941006362058993,250
16400,-0.40709456468819827,-0.4,-0.4755639097744361,-0.34615384615384615,0.12941006362058993,250
16450,-0.40778194934900874,-0.403125,-0.4755639097744361,-0.34657190635451507,0.128992003419921,250
16500,-0.40806079550285485,-0.40625,-0.4755639097744361,-0.34782608695652173,0.12773782281791435,250
16550,-0.40849039320400427,-0.40625,-0.4755639097744361,-0.34782608695652173,0.12773782281791435,250
16600,-0.40970014532191906,-0.40740740740740744,-0.4777432712215321,-0.34782608695652173,0.12991718426501037,250
16650,-0.4110379128399935,-0.40740740740740744,-0.4782608695652174,-0.34782608695652173,0.13043478260869568,250
16700,-0.41131297111505183,-0.40740740740740744,-0.4782608695652174,-0.34782608695652173,0.13043478260869568,250
16750,-0.41186711389477854,-0.40740740740740744,-0.4795652173913043,-0.34782608695652173,0.13173913043478258,250
16800,-0.4133660178693647,-0.40909090909090906,-0.48,-0.34782608695652173,0.13217391304347825,250
16850,-0.41404894079228755,-0.40909090909090906,-0.4829032258064516,-0.34836956521739126,0.13453366058906036,250
16900,-0.414182274125621,-0.40909090909090906,-0.4829032258064516,-0.34836956521739126,0.13453366058906036,250
16950,-0.414736184678129,-0.40909090909090906,-0.4838709677419355,-0.34836956521739126,0.13550140252454423,250
17000,-0.4150341157126118,-0.40909090909090906,-0.4838709677419355,-0.34836956521739126,0.13550140252454423,250
17050,-0.41559530618880225,-0.40909090909090906,-0.4838709677419355,-0.35178571428571426,0.13208525345622124,250
17100,-0.41601262220611823,-0.40909090909090906,-0.4846041055718475,-0.35178571428571426,0.13281839128613326,250
17150,-0.4161792888727849,-0.40909090909090906,-0.4846041055718475,-0.3571428571428571,0.12746124842899043,250
17200,-0.4163392888727849,-0.4114420062695925,-0.4846041055718475,-0.3571428571428571,0.12746124842899043,250
17250,-0.4165955451290412,-0.4137931034482759,-0.4846041055718475,-0.3571428571428571,0.12746124842899043,250
17300,-0.41784183661533264,-0.41666666666666663,-0.4846041055718475,-0.35178571428571426,0.13281839128613326,250
17350,-0.41812901610251213,-0.41666666666666663,-0.4846041055718475,-0.35178571428571426,0.13281839128613326,250
17400,-0.41843361380366156,-0.41666666666666663,-0.4846041055718475,-0.35178571428571426,0.13281839128613326,250
17450,-0.4190705571501701,-0.41666666666666663,-0.4846041055718475,-0.3571428571428571,0.12746124842899043,250
17500,-0.41937255145216445,-0.41666666666666663,-0.4846041055718475,-0.3571428571428571,0.12746124842899043,250
17550,-0.4201864857646962,-0.41666666666666663,-0.49642857142857144,-0.3571428571428571,0.13928571428571435,250
17600,-0.42062100957422,-0.41666666666666663,-0.49642857142857144,-0.3571428571428571,0.13928571428571435,250
17650,-0.42115206547484113,-0.41666666666666663,-0.49642857142857144,-0.3571428571428571,0.13928571428571435,250
17700,-0.4218106954340551,-0.4193548387096774,-0.49642857142857144,-0.3578571428571428,0.13857142857142862,250
17750,-0.4224930933260182,-0.4193548387096774,-0.49642857142857144,-0.3578571428571428,0.13857142857142862,250
17800,-0.4231062104647193,-0.42307692307692313,-0.49642857142857144,-0.3578571428571428,0.13857142857142862,250
17850,-0.4239481768180658,-0.42307692307692313,-0.49642857142857144,-0.36,0.13642857142857145,250
17900,-0.42435721672161164,-0.4198717948717949,-0.49642857142857144,-0.36,0.13642857142857145,250
17950,-0.4236835285618066,-0.41666666666666663,-0.48549783549783554,-0.3571428571428571,0.12835497835497844,250
18000,-0.4234042657265826,-0.41666666666666663,-0.5,-0.3571428571428571,0.1428571428571429,250
18050,-0.4238159786394125,-0.41666666666666663,-0.49642857142857144,-0.3571428571428571,0.13928571428571435,250
18100,-0.4237144728523227,-0.42365967365967366,-0.48484848484848486,-0.3571428571428571,0.12770562770562777,250
18150,-0.42360003358191567,-0.4264069264069264,-0.48484848484848486,-0.3571428571428571,0.12770562770562777,250
18200,-0.4239404397703743,-0.42365967365967366,-0.49642857142857144,-0.3571428571428571,0.13928571428571435,250
18250,-0.4220406719187405,-0.42307692307692313,-0.49642857142857144,-0.3571428571428571,0.13928571428571435,250
18300,-0.42141927220345776,-0.42020373514431236,-0.48549783549783554,-0.3571428571428571,0.12835497835497844,250
18350,-0.4215346455338311,-0.4193548387096774,-0.49642857142857144,-0.3571428571428571,0.13928571428571435,250
18400,-0.4215924960592521,-0.418010752688172,-0.48549783549783554,-0.3571428571428571,0.12835497835497844,250
18450,-0.42202422737350287,-0.41666666666666663,-0.48571428571428577,-0.35178571428571426,0.1339285714285715,250
18500,-0.42219499038014363,-0.4193548387096774,-0.49642857142857144,-0.35178571428571426,0.14464285714285718,250
18550,-0.4224436294163022,-0.418010752688172,-0.5,-0.34836956521739126,0.15163043478260874,250
18600,-0.4217457107826856,-0.41522988505747127,-0.5,-0.34615384615384615,0.15384615384615385,250
18650,-0.42098319385725336,-0.40909090909090906,-0.5,-0.34615384615384615,0.15384615384615385,250
18700,-0.42174356377084554,-0.40909090909090906,-0.5,-0.34515915119363394,0.15484084880636606,250
18750,-0.4220371078134218,-0.4114420062695925,-0.5,-0.34615384615384615,0.15384615384615385,250
18800,-0.4224243261141263,-0.4114420062695925,-0.5113636363636364,-0.34615384615384615,0.1652097902097902,250
18850,-0.4212563234526754,-0.40909090909090906,-0.5,-0.34615384615384615,0.15384615384615385,250
18900,-0.4219305227998882,-0.40909090909090906,-0.5,-0.34657190635451507,0.15342809364548493,250
18950,-0.42262066961348327,-0.41287878787878785,-0.5,-0.34615384615384615,0.15384615384615385,250
19000,-0.42282467830205717,-0.41522988505747127,-0.5113636363636364,-0.34515915119363394,0.16620448517000241,250
19050,-0.42239666194473874,-0.40909090909090906,-0.5113636363636364,-0.3448275862068966,0.16653605015673978,250
19100,-0.42190641042115296,-0.4114420062695925,-0.5113636363636364,-0.34515915119363394,0.16620448517000241,250
19150,-0.4221083111134884,-0.40909090909090906,-0.5113636363636364,-0.34657190635451507,0.16479173000912128,250
19200,-0.4212197195297476,-0.40909090909090906,-0.5113636363636364,-0.3448275862068966,0.16653605015673978,250
19250,-0.4205421907941154,-0.40909090909090906,-0.5113636363636364,-0.3359375,0.17542613636363635,250
19300,-0.4200417021852469,-0.40909090909090906,-0.5113636363636364,-0.3359375,0.17542613636363635,250
19350,-0.41898594237848225,-0.40909090909090906,-0.5,-0.33333333333333337,0.16666666666666663,250
19400,-0.4186635811905881,-0.40909090909090906,-0.5,-0.33333333333333337,0.16666666666666663,250
19450,-0.4192625472448015,-0.40909090909090906,-0.5,-0.33333333333333337,0.16666666666666663,250
19500,-0.42000221950102545,-0.40909090909090906,-0.5,-0.33653846153846156,0.16346153846153844,250
19550,-0.41945577786528176,-0.4114420062695925,-0.5,-0.34615384615384615,0.15384615384615385,250
19600,-0.4184062117148461,-0.40909090909090906,-0.5,-0.34615384615384615,0.15384615384615385,250
19650,-0.4172709762997823,-0.40909090909090906,-0.5,-0.33333333333333337,0.16666666666666663,250
19700,-0.41803256998997346,-0.41522988505747127,-0.5,-0.33333333333333337,0.16666666666666663,250
19750,-0.41683662040995273,-0.4137931034482759,-0.5,-0.33333333333333337,0.16666666666666663,250
19800,-0.4176046149177756,-0.418010752688172,-0.5,-0.33333333333333337,0.16666666666666663,250
19850,-0.4159105349432833,-0.41657397107897665,-0.5,-0.33333333333333337,0.16666666666666663,250
19900,-0.41598583855911986,-0.41657397107897665,-0.5,-0.33333333333333337,0.16666666666666663,250
19950,-0.4168952585618675,-0.42206477732793524,-0.5,-0.33333333333333337,0.16666666666666663,250
20000,-0.4165061243043442,-0.42206477732793524,-0.5,-0.33333333333333337,0.16666666666666663,250
20050,-0.41678630665367944,-0.42206477732793524,-0.5,-0.33333333333333337,0.16666666666666663,250
20100,-0.4159673695902753,-0.42206477732793524,-0.5,-0.33333333333333337,0.16666666666666663,250
20150,-0.41590306535780835,-0.42020373514431236,-0.5,-0.33333333333333337,0.16666666666666663,250
20200,-0.4157174137846374,-0.42206477732793524,-0.5,-0.33333333333333337,0.16666666666666663,250
20250,-0.4156433751221505,-0.42206477732793524,-0.5,-0.33333333333333337,0.16666666666666663,250
20300,-0.41495739785437413,-0.4137931034482759,-0.5,-0.33333333333333337,0.16666666666666663,250
20350,-0.41459819335516956,-0.41522988505747127,-0.5,-0.33333333333333337,0.16666666666666663,250
20400,-0.4143613750209983,-0.410427807486631,-0.5,-0.33333333333333337,0.16666666666666663,250
20450,-0.413628682713306,-0.40909090909090906,-0.5,-0.33333333333333337,0.16666666666666663,250
20500,-0.4142899399559658,-0.40824915824915825,-0.5,-0.33333333333333337,0.16666666666666663,250
20550,-0.41384652945342487,-0.40740740740740744,-0.5,-0.3362068965517242,0.1637931034482758,250
20600,-0.41418000959647017,-0.40740740740740744,-0.5,-0.3362068965517242,0.1637931034482758,250
20650,-0.41493162310789633,-0.40909090909090906,-0.5,-0.3362068965517242,0.1637931034482758,250
20700,-0.41442402137582757,-0.40909090909090906,-0.5,-0.33333333333333337,0.16666666666666663,250
20750,-0.4139026422854162,-0.40824915824915825,-0.5,-0.33653846153846156,0.16346153846153844,250
20800,-0.41325628596862507,-0.40909090909090906,-0.5,-0.33333333333333337,0.16666666666666663,250
20850,-0.4121708414936153,-0.40740740740740744,-0.5,-0.33333333333333337,0.16666666666666663,250
20900,-0.41142652388859985,-0.40740740740740744,-0.5,-0.33333333333333337,0.16666666666666663,250
20950,-0.4111203744058986,-0.40740740740740744,-0.5,-0.33333333333333337,0.16666666666666663,250
21000,-0.4111092506860109,-0.40740740740740744,-0.5,-0.33333333333333337,0.16666666666666663,250
21050,-0.4108600644217651,-0.40740740740740744,-0.5,-0.33333333333333337,0.16666666666666663,250
21100,-0.4105077284239943,-0.40740740740740744,-0.5,-0.33333333333333337,0.16666666666666663,250
21150,-0.40968564672880914,-0.40740740740740744,-0.5,-0.33333333333333337,0.16666666666666663,250
21200,-0.4086606225742198,-0.40740740740740744,-0.5,-0.33333333333333337,0.16666666666666663,250
21250,-0.40766710961944075,-0.40740740740740744,-0.5,-0.33333333333333337,0.16666666666666663,250
21300,-0.40599929152312336,-0.40625,-0.5,-0.33333333333333337,0.16666666666666663,250
21350,-0.4054439094439858,-0.403125,-0.5,-0.33333333333333337,0.16666666666666663,250
21400,-0.4048511572242471,-0.403125,-0.5,-0.33333333333333337,0.16666666666666663,250
21450,-0.40399245962554947,-0.403125,-0.5,-0.3214285714285714,0.1785714285714286,250
21500,-0.40250136698212546,-0.4,-0.5,-0.3214285714285714,0.1785714285714286,250
21550,-0.4005310829663556,-0.4,-0.5,-0.31999999999999995,0.18000000000000005,250
21600,-0.3994649585072177,-0.4,-0.5,-0.3076923076923077,0.1923076923076923,250
21650,-0.3983262043568526,-0.4,-0.5,-0.3076923076923077,0.1923076923076923,250
21700,-0.397879708608311,-0.4,-0.5,-0.3076923076923077,0.1923076923076923,250
21750,-0.39768666481000414,-0.4,-0.5,-0.3097165991902834,0.19028340080971662,250
21800,-0.3970092609095478,-0.4,-0.4959677419354839,-0.3097165991902834,0.1862511427452005,250
21850,-0.39698802159927615,-0.4,-0.5,-0.31684210526315787,0.18315789473684213,250
21900,-0.39569131875300817,-0.4,-0.5,-0.3076923076923077,0.1923076923076923,250
21950,-0.3940459911215636,-0.4,-0.4838709677419355,-0.3076923076923077,0.1761786600496278,250
22000,-0.3927618461259789,-0.4,-0.48275862068965514,-0.3076923076923077,0.17506631299734743,250
22050,-0.39166336698411114,-0.4,-0.48275862068965514,-0.3076923076923077,0.17506631299734743,250
22100,-0.3904533464529736,-0.4,-0.48243933588761173,-0.3076923076923077,0.17474702819530402,250
22150,-0.38874639571752356,-0.4,-0.4806763285024155,-0.3076923076923077,0.17298402081010777,250
22200,-0.388157293609824,-0.4,-0.4806763285024155,-0.3076923076923077,0.17298402081010777,250
22250,-0.3874018034780082,-0.4,-0.4777432712215321,-0.3076923076923077,0.17005096352922439,250
22300,-0.38676371389874215,-0.4,-0.4777432712215321,-0.30518394648829433,0.17255932473323776,250
22350,-0.38589266402225747,-0.4,-0.4777432712215321,-0.30518394648829433,0.17255932473323776,250
22400,-0.3850701509031926,-0.4,-0.4777432712215321,-0.3007575757575758,0.17698569546395632,250
22450,-0.38301933828378254,-0.4,-0.4777432712215321,-0.30000000000000004,0.17774327122153205,250
22500,-0.38151813182139965,-0.4,-0.47619047619047616,-0.30000000000000004,0.17619047619047612,250
22550,-0.3793226790476857,-0.3933982683982684,-0.47619047619047616,-0.30000000000000004,0.17619047619047612,250
22600,-0.37815136111025077,-0.3939393939393939,-0.4755639097744361,-0.30000000000000004,0.17556390977443603,250
22650,-0.37696315083185244,-0.3928571428571429,-0.4701286764705882,-0.28720238095238093,0.18292629551820727,250
22700,-0.3751484730014924,-0.3928571428571429,-0.4682291666666667,-0.2803125,0.18791666666666668,250
22750,-0.3739388506715631,-0.3858560794044665,-0.4682291666666667,-0.2803125,0.18791666666666668,250
22800,-0.37204291010649215,-0.3858560794044665,-0.46153846153846156,-0.2803125,0.18122596153846154,250
22850,-0.3696263551008134,-0.38235294117647056,-0.46153846153846156,-0.27689655172413796,0.1846419098143236,250
22900,-0.36918043440343085,-0.38235294117647056,-0.4635989010989011,-0.27689655172413796,0.18670234937476315,250
22950,-0.36878648871351744,-0.38013136288998356,-0.46153846153846156,-0.2735109717868338,0.18802748975162775,250
23000,-0.3675356368245709,-0.38013136288998356,-0.46153846153846156,-0.2735109717868338,0.18802748975162775,250
23050,-0.3669175339252916,-0.375,-0.46153846153846156,-0.2701048951048951,0.19143356643356646,250
23100,-0.36676355256432375,-0.3771551724137931,-0.46153846153846156,-0.2701048951048951,0.19143356643356646,250
23150,-0.36547012673089785,-0.375,-0.4607371794871795,-0.2735109717868338,0.1872262077003457,250
23200,-0.3643763934488369,-0.375,-0.4580357142857143,-0.2735109717868338,0.1845247424988805,250
23250,-0.36323637333580333,-0.375,-0.4580357142857143,-0.27586206896551724,0.1821736453201971,250
23300,-0.36370098608784557,-0.375,-0.45833333333333337,-0.2701048951048951,0.18822843822843827,250
23350,-0.36261024924195956,-0.375,-0.45833333333333337,-0.2701048951048951,0.18822843822843827,250
23400,-0.36124161166375673,-0.375,-0.4580357142857143,-0.2666666666666667,0.1913690476190476,250
23450,-0.3600558852962529,-0.375,-0.4564935064935065,-0.2640350877192983,0.19245841877420822,250
23500,-0.3584811770415446,-0.375,-0.4545454545454546,-0.26086956521739135,0.19367588932806323,250
23550,-0.3573053339758294,-0.3726851851851852,-0.4580357142857143,-0.2614416475972541,0.19659406668846025,250
23600,-0.3566840366516168,-0.37037037037037035,-0.4580357142857143,-0.2614416475972541,0.19659406668846025,250
23650,-0.3559100334046001,-0.37037037037037035,-0.4580357142857143,-0.26086956521739135,0.19716614906832297,250
23700,-0.35532670906180863,-0.37037037037037035,-0.4564935064935065,-0.2596618357487923,0.1968316707447142,250
23750,-0.3551005685356681,-0.37037037037037035,-0.4564935064935065,-0.2596618357487923,0.1968316707447142,250
23800,-0.3544520135061626,-0.37037037037037035,-0.4564935064935065,-0.2592592592592593,0.1972342472342472,250
23850,-0.352798222325385,-0.367003367003367,-0.4482758620689655,-0.2592592592592593,0.18901660280970622,250
23900,-0.35165513430229695,-0.36363636363636365,-0.4482758620689655,-0.2592592592592593,0.18901660280970622,250
23950,-0.35085465657286813,-0.36363636363636365,-0.4564935064935065,-0.258363201911589,0.1981303045819175,250
24000,-0.3479734481649588,-0.36,-0.4529780564263323,-0.25,0.20297805642633232,250
24050,-0.34755863089735384,-0.36,-0.4545454545454546,-0.25,0.20454545454545459,250
24100,-0.34526429368066364,-0.36,-0.45077864293659625,-0.25,0.20077864293659625,250
24150,-0.34296269464788814,-0.36,-0.4482758620689655,-0.25,0.19827586206896552,250
24200,-0.34100034810554164,-0.36,-0.4482758620689655,-0.24137931034482762,0.2068965517241379,250
24250,-0.3401854227534213,-0.36,-0.4482758620689655,-0.2403448275862069,0.20793103448275863,250
24300,-0.33875353325564095,-0.36,-0.44731800766283525,-0.23647058823529415,0.2108474194275411,250
24350,-0.33814729125080145,-0.36,-0.44731800766283525,-0.23333333333333328,0.21398467432950197,250
24400,-0.3355378452498037,-0.35067567567567565,-0.44731800766283525,-0.23076923076923073,0.21654877689360452,250
24450,-0.33465442512725313,-0.35067567567567565,-0.4433333333333333,-0.23076923076923073,0.21256410256410257,250
24500,-0.3335681125268101,-0.34891304347826085,-0.44620689655172413,-0.23076923076923073,0.2154376657824934,250
24550,-0.3326262331843978,-0.34782608695652173,-0.4375,-0.23076923076923073,0.20673076923076927,250
24600,-0.33222265480028645,-0.34782608695652173,-0.4368206521739131,-0.23076923076923073,0.20605142140468236,250
24650,-0.33034036691273544,-0.34782608695652173,-0.4368206521739131,-0.2272727272727273,0.2095479249011858,250
24700,-0.32805164045789204,-0.34615384615384615,-0.43442028985507253,-0.2272727272727273,0.20714756258234523,250
24750,-0.3249920447348944,-0.33333333333333337,-0.43442028985507253,-0.22617302052785926,0.20824726932721327,250
24800,-0.32330383979765726,-0.33333333333333337,-0.43333333333333335,-0.22311827956989247,0.21021505376344088,250
24850,-0.32290640656092195,-0.33333333333333337,-0.43333333333333335,-0.2222222222222222,0.21111111111111114,250
24900,-0.3218620092655959,-0.33333333333333337,-0.43214285714285716,-0.2222222222222222,0.20992063492063495,250
24950,-0.32097934999595007,-0.33333333333333337,-0.43214285714285716,-0.2222222222222222,0.20992063492063495,250
25000,-0.31790102418300803,-0.33333333333333337,-0.4274891774891775,-0.2142857142857143,0.21320346320346317,250
25050,-0.31601642941384805,-0.32287644787644787,-0.4274891774891775,-0.2142857142857143,0.21320346320346317,250
25100,-0.31523529156022967,-0.3214285714285714,-0.43214285714285716,-0.2142857142857143,0.21785714285714286,250
25150,-0.3117681569652176,-0.3207142857142857,-0.43214285714285716,-0.20649509803921573,0.22564775910364143,250
25200,-0.3100127440605094,-0.31999999999999995,-0.43214285714285716,-0.2014705882352941,0.23067226890756307,250
25250,-0.30824547162706045,-0.31999999999999995,-0.4274891774891775,-0.19999999999999996,0.22748917748917752,250
25300,-0.30745496562698926,-0.31999999999999995,-0.4274891774891775,-0.19999999999999996,0.22748917748917752,250
25350,-0.3057410808021367,-0.31999999999999995,-0.4274891774891775,-0.19999999999999996,0.22748917748917752,250
25400,-0.30502293635787525,-0.31426332288401254,-0.43214285714285716,-0.19999999999999996,0.2321428571428572,250
25450,-0.30398181697762544,-0.3190909090909091,-0.4285714285714286,-0.19999999999999996,0.22857142857142865,250
25500,-0.30388283429746626,-0.3076923076923077,-0.4285714285714286,-0.19516129032258067,0.23341013824884793,250
25550,-0.3036766196666865,-0.30434782608695654,-0.4285714285714286,-0.1923076923076923,0.2362637362637363,250
25600,-0.30220571502563265,-0.3060200668896321,-0.42395104895104896,-0.19093406593406592,0.23301698301698304,250
25650,-0.3007529409296958,-0.3060200668896321,-0.41923774954627946,-0.1923076923076923,0.22693005723858717,250
25700,-0.2996510017865802,-0.3060200668896321,-0.41923774954627946,-0.1923076923076923,0.22693005723858717,250
25750,-0.2982165807020609,-0.30434782608695654,-0.41995614035087714,-0.19093406593406592,0.22902207441681122,250
25800,-0.29676548450538076,-0.30434782608695654,-0.41995614035087714,-0.18576388888888892,0.23419225146198822,250
25850,-0.29568869471328413,-0.3021739130434783,-0.41995614035087714,-0.18518518518518523,0.2347709551656919,250
25900,-0.2947841458296485,-0.3021739130434783,-0.41328600405679516,-0.18650793650793654,0.22677806754885863,250
25950,-0.2946537754592781,-0.30434782608695654,-0.4137931034482759,-0.18518518518518523,0.22860791826309068,250
26000,-0.2921066534404552,-0.3021739130434783,-0.41328600405679516,-0.18518518518518523,0.22810081887160993,250
26050,-0.29111266243572254,-0.2962962962962963,-0.41594827586206895,-0.16666666666666663,0.24928160919540232,250
26100,-0.2891424296386748,-0.2962962962962963,-0.41328600405679516,-0.16328828828828829,0.24999771576850688,250
26150,-0.2880233155761125,-0.2952069716775599,-0.41109625668449196,-0.16666666666666663,0.24442959001782533,250
26200,-0.2868376327222669,-0.2952069716775599,-0.41109625668449196,-0.16666666666666663,0.24442959001782533,250
26250,-0.2858529823666488,-0.28869047619047616,-0.41109625668449196,-0.16328828828828829,0.24780796839620367,250
26300,-0.28403915064281715,-0.2857142857142857,-0.40909090909090906,-0.16328828828828829,0.24580262080262077,250
26350,-0.2817500260675756,-0.2857142857142857,-0.40909090909090906,-0.16328828828828829,0.24580262080262077,250
26400,-0.2797418303463664,-0.28869047619047616,-0.40867003367003363,-0.16054054054054057,0.24812949312949306,250
26450,-0.2787777075126784,-0.28869047619047616,-0.40867003367003363,-0.16054054054054057,0.24812949312949306,250
26500,-0.27542011644768843,-0.28348214285714285,-0.4071180555555556,-0.16000000000000003,0.24711805555555555,250
26550,-0.2731536136971534,-0.28,-0.4046875,-0.16000000000000003,0.24468749999999995,250
26600,-0.27209190652141396,-0.28,-0.4046875,-0.16000000000000003,0.24468749999999995,250
26650,-0.26961254783416244,-0.27793103448275863,-0.4046875,-0.1553846153846154,0.24930288461538458,250
26700,-0.26824229013316303,-0.274294670846395,-0.4046875,-0.15384615384615385,0.2508413461538461,250
26750,-0.2662192108250466,-0.274294670846395,-0.39821428571428574,-0.1393097643097643,0.25890452140452147,250
26800,-0.2642330827743533,-0.274294670846395,-0.39246894409937894,-0.1333333333333333,0.25913561076604563,250
26850,-0.26361544575161816,-0.2727272727272727,-0.39246894409937894,-0.1333333333333333,0.25913561076604563,250
26900,-0.2612157323266415,-0.270979020979021,-0.3913043478260869,-0.1333333333333333,0.2579710144927536,250
26950,-0.2591121365682174,-0.2669683257918552,-0.3913043478260869,-0.1333333333333333,0.2579710144927536,250
27000,-0.2568604500866588,-0.2600644122383253,-0.3913043478260869,-0.1333333333333333,0.2579710144927536,250
27050,-0.2561125401478623,-0.2600644122383253,-0.3913043478260869,-0.12708333333333333,0.2642210144927536,250
27100,-0.2540299761860779,-0.2600644122383253,-0.3902524544179523,-0.1333333333333333,0.256919121084619,250
27150,-0.25264087415241065,-0.26201372997711675,-0.3902524544179523,-0.12708333333333333,0.263169121084619,250
27200,-0.250747337048896,-0.2592592592592593,-0.3864764267990074,-0.125,0.2614764267990074,250
27250,-0.24898927393621664,-0.2592592592592593,-0.3846153846153846,-0.12708333333333333,0.25753205128205126,250
27300,-0.24837545719739987,-0.2592592592592593,-0.3846153846153846,-0.125,0.2596153846153846,250
27350,-0.24708306025888602,-0.25806451612903225,-0.3846153846153846,-0.125,0.2596153846153846,250
27400,-0.24412189054947248,-0.25,-0.3864764267990074,-0.125,0.2614764267990074,250
27450,-0.24318188251205897,-0.25,-0.3864764267990074,-0.125,0.2614764267990074,250
27500,-0.24168475593493235,-0.25,-0.3846153846153846,-0.125,0.2596153846153846,250
27550,-0.24038064912808188,-0.25,-0.383289124668435,-0.125,0.258289124668435,250
27600,-0.23972435849620724,-0.2456896551724138,-0.383289124668435,-0.12125,0.26203912466843504,250
27650,-0.23733925186939966,-0.2456896551724138,-0.38221153846153844,-0.11595022624434392,0.2662613122171945,250
27700,-0.23458691123234465,-0.25,-0.37384259259259256,-0.11538461538461542,0.25845797720797714,250
27750,-0.23300599693938456,-0.25,-0.36944444444444446,-0.11538461538461542,0.25405982905982905,250
27800,-0.2314202475096029,-0.23764705882352943,-0.36944444444444446,-0.11538461538461542,0.25405982905982905,250
27850,-0.22974966050998366,-0.23764705882352943,-0.36590909090909096,-0.10643236074270557,0.2594767301663854,250
27900,-0.22820772141847934,-0.2366946778711485,-0.36363636363636365,-0.10643236074270557,0.2572040028936581,250
27950,-0.22717535582708148,-0.23128342245989308,-0.36363636363636365,-0.10643236074270557,0.2572040028936581,250
28000,-0.22546004289317106,-0.23128342245989308,-0.36363636363636365,-0.10086206896551722,0.26277429467084645,250
28050,-0.22299082507224383,-0.2272727272727273,-0.36272727272727273,-0.09642857142857142,0.2662987012987013,250
28100,-0.22128486122516305,-0.2222222222222222,-0.3571428571428571,-0.09642857142857142,0.2607142857142857,250
28150,-0.21933260518443712,-0.21980676328502413,-0.35609243697478987,-0.0879446640316206,0.26814777294316927,250
28200,-0.21791980176992426,-0.2222222222222222,-0.35254372019077895,-0.08333333333333337,0.2692103868574456,250
28250,-0.21630904978284662,-0.2222222222222222,-0.35254372019077895,-0.08333333333333337,0.2692103868574456,250
28300,-0.21461944416067047,-0.21980676328502413,-0.35254372019077895,-0.08333333333333337,0.2692103868574456,250
28350,-0.21271656967368774,-0.21807065217391303,-0.35254372019077895,-0.08333333333333337,0.2692103868574456,250
28400,-0.21059250386995854,-0.21807065217391303,-0.34782608695652173,-0.08333333333333337,0.26449275362318836,250
28450,-0.20917371470213708,-0.21739130434782605,-0.34782608695652173,-0.08083333333333331,0.2669927536231884,250
28500,-0.20729363121008954,-0.21583850931677018,-0.3474080267558528,-0.08083333333333331,0.2665746934225195,250
28550,-0.20547163173794084,-0.21583850931677018,-0.3474080267558528,-0.07769230769230764,0.2697157190635452,250
28600,-0.20360557542512409,-0.21583850931677018,-0.3474080267558528,-0.07478632478632477,0.27262170196952806,250
28650,-0.2018896406936564,-0.2142857142857143,-0.3474080267558528,-0.07478632478632477,0.27262170196952806,250
28700,-0.20054507237952282,-0.2105911330049261,-0.34615384615384615,-0.07478632478632477,0.2713675213675214,250
28750,-0.1997084068224225,-0.2105911330049261,-0.34615384615384615,-0.0685185185185185,0.2776353276353276,250
28800,-0.19909817541908761,-0.2105911330049261,-0.34615384615384615,-0.05926916221033868,0.28688468394350747,250
28850,-0.19738093381422994,-0.2105911330049261,-0.34615384615384615,-0.04887218045112787,0.2972816657027183,250
28900,-0.1966241889729199,-0.2068965517241379,-0.34615384615384615,-0.04887218045112787,0.2972816657027183,250
28950,-0.1948490889678199,-0.19999999999999996,-0.3458222811671088,-0.04887218045112787,0.29695010071598094,250
29000,-0.1932603744295401,-0.19999999999999996,-0.34455818965517243,-0.04887218045112787,0.29568600920404453,250
29050,-0.1919057688876849,-0.19999999999999996,-0.34114583333333337,-0.04451345755693581,0.29663237577639756,250
29100,-0.19058887626694718,-0.19999999999999996,-0.33333333333333337,-0.04451345755693581,0.28881987577639756,250
29150,-0.18887341987493902,-0.1967741935483871,-0.33333333333333337,-0.04451345755693581,0.28881987577639756,250
29200,-0.18673031743206264,-0.1967741935483871,-0.33333333333333337,-0.04451345755693581,0.28881987577639756,250
29250,-0.18420105347124696,-0.19999999999999996,-0.3303571428571429,-0.04347826086956519,0.2868788819875777,250
29300,-0.1820946226968844,-0.1923076923076923,-0.33333333333333337,-0.04166666666666663,0.29166666666666674,250
29350,-0.18080209263823738,-0.1923076923076923,-0.33333333333333337,-0.03640109890109888,0.2969322344322345,250
29400,-0.1791157131042575,-0.1923076923076923,-0.33333333333333337,-0.03640109890109888,0.2969322344322345,250
29450,-0.1770020003433109,-0.18990384615384615,-0.33333333333333337,-0.03739316239316243,0.29594017094017094,250
29500,-0.17557804707824068,-0.18634259259259262,-0.33333333333333337,-0.033333333333333326,0.30000000000000004,250
29550,-0.17391510167590166,-0.18518518518518523,-0.33333333333333337,-0.008333333333333331,0.32500000000000007,250
29600,-0.17242087009400142,-0.18634259259259262,-0.33333333333333337,-0.008333333333333331,0.32500000000000007,250
29650,-0.16937035416006122,-0.18019480519480519,-0.33333333333333337,0.0,0.33333333333333337,250
29700,-0.1676161695525052,-0.18019480519480519,-0.33333333333333337,0.0,0.33333333333333337,250
29750,-0.16564237332622844,-0.18019480519480519,-0.33333333333333337,0.0,0.33333333333333337,250
29800,-0.16323885907048033,-0.17624223602484473,-0.33333333333333337,0.0,0.33333333333333337,250
29850,-0.1613752707023267,-0.17624223602484473,-0.33333333333333337,0.0,0.33333333333333337,250
29900,-0.16005458517207596,-0.17549261083743845,-0.33333333333333337,0.0,0.33333333333333337,250
29950,-0.15957439145275182,-0.17549261083743845,-0.33333333333333337,0.0,0.33333333333333337,250
30000,-0.15684802000635875,-0.16954022988505746,-0.3303571428571429,0.0,0.3303571428571429,250
30050,-0.1550184095280016,-0.16666666666666663,-0.32107142857142856,0.0,0.32107142857142856,250
30100,-0.1526779439114257,-0.16666666666666663,-0.32107142857142856,0.0,0.32107142857142856,250
30150,-0.15139367558715736,-0.16666666666666663,-0.32107142857142856,0.0,0.32107142857142856,250
30200,-0.14948478632618345,-0.16397849462365588,-0.32107142857142856,0.0,0.32107142857142856,250
30250,-0.1474033942096421,-0.15877016129032256,-0.32107142857142856,0.0,0.32107142857142856,250
30300,-0.14531940102731614,-0.15877016129032256,-0.32107142857142856,0.0,0.32107142857142856,250
30350,-0.14459435814513757,-0.15268065268065267,-0.31999999999999995,0.0,0.31999999999999995,250
30400,-0.14389702031570295,-0.14983164983164982,-0.32107142857142856,0.0,0.32107142857142856,250
30450,-0.14191639752464538,-0.14983164983164982,-0.31999999999999995,0.0,0.31999999999999995,250
30500,-0.14058971524775435,-0.14814814814814814,-0.31999999999999995,0.0,0.31999999999999995,250
30550,-0.13862953221016397,-0.14550264550264552,-0.31999999999999995,0.0,0.31999999999999995,250
30600,-0.1372095469115812,-0.14550264550264552,-0.31555944055944063,0.0,0.31555944055944063,250
30650,-0.1360635052780201,-0.1403940886699508,-0.31555944055944063,0.0,0.31555944055944063,250
30700,-0.13367068616864927,-0.13961038961038963,-0.31555944055944063,0.0,0.31555944055944063,250
30750,-0.13187955738003995,-0.13636363636363635,-0.3112980769230769,0.0,0.3112980769230769,250
30800,-0.12983474416352578,-0.1318840579710145,-0.30652680652680653,0.0,0.30652680652680653,250
30850,-0.12799668147118345,-0.12701612903225806,-0.30652680652680653,0.024193548387096753,0.3307203549139033,250
30900,-0.1257851737196757,-0.1206060606060606,-0.30227272727272725,0.03306451612903233,0.3353372434017596,250
30950,-0.12412069494563173,-0.12,-0.30227272727272725,0.03306451612903233,0.3353372434017596,250
31000,-0.12133889062028948,-0.12,-0.30000000000000004,0.035119047619047716,0.33511904761904776,250
31050,-0.11765308327154549,-0.12,-0.30000000000000004,0.03846153846153855,0.3384615384615386,250
31100,-0.11541382265304387,-0.11769230769230771,-0.30000000000000004,0.03846153846153855,0.3384615384615386,250
31150,-0.11297051601178326,-0.11538461538461542,-0.2990740740740741,0.04166666666666674,0.34074074074074084,250
31200,-0.11173536801514308,-0.11111111111111116,-0.2990740740740741,0.04166666666666674,0.34074074074074084,250
31250,-0.11063537119827185,-0.11324786324786329,-0.2990740740740741,0.04166666666666674,0.34074074074074084,250
31300,-0.10932332760967654,-0.11324786324786329,-0.2990740740740741,0.043025362318840576,0.3420994363929147,250
31350,-0.10787477880715474,-0.11111111111111116,-0.2990740740740741,0.04761904761904767,0.3466931216931218,250
31400,-0.10706691378972448,-0.1071428571428571,-0.2990740740740741,0.04761904761904767,0.3466931216931218,250
31450,-0.10622180060747559,-0.1071428571428571,-0.2990740740740741,0.04761904761904767,0.3466931216931218,250
31500,-0.10432403449322611,-0.10620300751879697,-0.29575163398692805,0.04761904761904767,0.3433706816059757,250
31550,-0.10207390124483198,-0.1043557168784029,-0.29575163398692805,0.04761904761904767,0.3433706816059757,250
31600,-0.10011246807641232,-0.10620300751879697,-0.29350490196078427,0.04761904761904767,0.34112394957983194,250
31650,-0.10004856838096089,-0.1071428571428571,-0.29575163398692805,0.04658385093167705,0.3423354849186051,250
31700,-0.09848972704100259,-0.10912698412698413,-0.29350490196078427,0.04658385093167705,0.3400887528924613,250
31750,-0.09540345505808073,-0.1071428571428571,-0.2890625,0.04761904761904767,0.33668154761904767,250
31800,-0.09352162655411651,-0.1071428571428571,-0.2890625,0.06562499999999999,0.3546875,250
31850,-0.09197394135686611,-0.1071428571428571,-0.2727272727272727,0.06839080459770108,0.3411180773249738,250
31900,-0.08936661707908543,-0.1071428571428571,-0.2727272727272727,0.0755494505494505,0.3482767232767232,250
31950,-0.08769499415875108,-0.10263157894736841,-0.2727272727272727,0.0755494505494505,0.3482767232767232,250
32000,-0.0866869440581815,-0.0976190476190476,-0.2718531468531469,0.07081280788177335,0.34266595473492023,250
32050,-0.08391020699070274,-0.09307359307359309,-0.26858974358974363,0.07493368700265246,0.3435234305923961,250
32100,-0.08271725537076492,-0.09090909090909094,-0.26858974358974363,0.07923076923076927,0.3478205128205129,250
32150,-0.08146378854341502,-0.09090909090909094,-0.26521739130434785,0.08000000000000007,0.3452173913043479,250
32200,-0.07985442439890167,-0.09090909090909094,-0.2581521739130435,0.07923076923076927,0.3373829431438128,250
32250,-0.07687792524380503,-0.08893280632411071,-0.25,0.08249999999999996,0.33249999999999996,250
32300,-0.07514509464533604,-0.08695652173913049,-0.25,0.08249999999999996,0.33249999999999996,250
32350,-0.07374477355527811,-0.08333333333333337,-0.25,0.07923076923076927,0.32923076923076927,250
32400,-0.0712271859193783,-0.08012820512820512,-0.25,0.08249999999999996,0.33249999999999996,250
32450,-0.06847721534037547,-0.07692307692307687,-0.25,0.08249999999999996,0.33249999999999996,250
32500,-0.06630620561405882,-0.0714285714285714,-0.25,0.08818181818181814,0.33818181818181814,250
32550,-0.06561700917868592,-0.06904761904761902,-0.2475,0.07923076923076927,0.32673076923076927,250
32600,-0.06286408062964043,-0.06904761904761902,-0.2475,0.0988095238095239,0.3463095238095239,250
32650,-0.06000792415715857,-0.06666666666666665,-0.24,0.09919354838709682,0.3391935483870968,250
32700,-0.05768896309960004,-0.06904761904761902,-0.23952380952380953,0.10177975528364847,0.341303564807458,250
32750,-0.05544161016476657,-0.06458333333333333,-0.23739495798319332,0.10621921182266014,0.34361416980585346,250
32800,-0.05341680692707743,-0.0625,-0.23480392156862748,0.10621921182266014,0.34102313339128765,250
32850,-0.05097787746230083,-0.05756578947368424,-0.23480392156862748,0.10621921182266014,0.34102313339128765,250
32900,-0.048029423775616094,-0.04347826086956519,-0.23690476190476192,0.10177975528364847,0.3386845171884104,250
32950,-0.045684417564335236,-0.0444664031620553,-0.23690476190476192,0.10621921182266014,0.3431239737274221,250
33000,-0.043321164525340516,-0.04347826086956519,-0.23690476190476192,0.10621921182266014,0.3431239737274221,250
33050,-0.04041599722093222,-0.04347826086956519,-0.23690476190476192,0.11011904761904767,0.3470238095238096,250
33100,-0.03824938449180003,-0.04347826086956519,-0.23181818181818178,0.10621921182266014,0.33803739364084195,250
33150,-0.03562921689356792,-0.04347826086956519,-0.23181818181818178,0.11431623931623935,0.34613442113442117,250
33200,-0.03297245992656357,-0.0444664031620553,-0.21279761904761907,0.12375000000000003,0.3365476190476191,250
33250,-0.030995478313030237,-0.04347826086956519,-0.2079741379310345,0.11111111111111116,0.31908524904214564,250
33300,-0.02969283559523832,-0.0444664031620553,-0.20625000000000002,0.11884615384615393,0.325096153846154,250
33350,-0.026725439669318077,-0.04257246376811591,-0.20625000000000002,0.1278260869565217,0.3340760869565217,250
33400,-0.024664520194268166,-0.04257246376811591,-0.20625000000000002,0.1278260869565217,0.3340760869565217,250
33450,-0.021167875549954866,-0.04083333333333333,-0.20625000000000002,0.1428571428571428,0.34910714285714284,250
33500,-0.018132200436551553,-0.04083333333333333,-0.20625000000000002,0.15288461538461529,0.35913461538461533,250
33550,-0.014631526170629912,-0.03851851851851856,-0.20625000000000002,0.14926470588235285,0.3555147058823529,250
33600,-0.011386289679225456,-0.03851851851851856,-0.20625000000000002,0.1679347826086957,0.3741847826086957,250
33650,-0.008079967222287012,-0.03703703703703709,-0.20625000000000002,0.17984189723320165,0.3860918972332017,250
33700,-0.005908442559210622,-0.036375661375661394,-0.20625000000000002,0.18181818181818188,0.3880681818181819,250
33750,-0.0033982324164983416,-0.03452380952380951,-0.20625000000000002,0.1843434343434343,0.3905934343434343,250
33800,0.0003577902685779186,-0.03452380952380951,-0.19838709677419353,0.18915343915343913,0.38754053592763266,250
33850,0.0026877651791368143,-0.03229166666666666,-0.19838709677419353,0.18915343915343913,0.38754053592763266,250
33900,0.005258324268293382,-0.03452380952380951,-0.19354838709677424,0.18915343915343913,0.3827018262502134,250
33950,0.006855641468279249,-0.03452380952380951,-0.19838709677419353,0.18915343915343913,0.38754053592763266,250
34000,0.008467474092420784,-0.03452380952380951,-0.19354838709677424,0.1905270655270655,0.38407545262383974,250
34050,0.011902853769334858,-0.03348214285714285,-0.1927803379416283,0.1923076923076923,0.3850880302493206,250
34100,0.013468671802723377,-0.0357142857142857,-0.19047619047619047,0.1923076923076923,0.38278388278388276,250
34150,0.016232133882135878,-0.03348214285714285,-0.1869747899159664,0.1923076923076923,0.3792824822236587,250
34200,0.0190929655285515,-0.015625,-0.1869747899159664,0.19807692307692304,0.38505171299288943,250
34250,0.021338462278178684,-0.015625,-0.17401960784313728,0.19999999999999996,0.37401960784313726,250
34300,0.02365661930245265,-0.03348214285714285,-0.17401960784313728,0.2044117647058823,0.3784313725490196,250
34350,0.02635133222682075,-0.03348214285714285,-0.17401960784313728,0.20664300202839753,0.3806626098715348,250
34400,0.02881394613274683,-0.015625,-0.16096774193548385,0.21279761904761896,0.3737653609831028,250
34450,0.031023852486498322,0.0,-0.16096774193548385,0.2272727272727273,0.38824046920821115,250
34500,0.0337119163358441,0.0,-0.15906250000000002,0.2272727272727273,0.3863352272727273,250
34550,0.03613702336104079,0.0,-0.16499999999999998,0.22402597402597402,0.389025974025974,250
34600,0.0387931493487185,0.0,-0.15422453703703703,0.2272727272727273,0.38149726430976433,250
34650,0.04033013698179107,0.0,-0.15748355263157898,0.22989510489510495,0.38737865752668393,250
34700,0.0428993002982478,0.0,-0.15748355263157898,0.23269230769230775,0.39017586032388674,250
34750,0.04398599656149579,0.0,-0.15748355263157898,0.23076923076923084,0.3882527834008098,250
34800,0.04690970269433237,0.0,-0.15748355263157898,0.23269230769230775,0.39017586032388674,250
34850,0.04890307145533086,0.0,-0.15422453703703703,0.23690476190476195,0.391129298941799,250
34900,0.051207877748201666,0.0,-0.15422453703703703,0.23809523809523814,0.3923197751322752,250
34950,0.05264201075646511,0.0,-0.15625,0.23809523809523814,0.39434523809523814,250
35000,0.05439657229409116,0.0,-0.15625,0.23809523809523814,0.39434523809523814,250
35050,0.056892192028892355,0.0,-0.15422453703703703,0.23809523809523814,0.3923197751322752,250
35100,0.058849229904527706,0.0,-0.15422453703703703,0.23952380952380953,0.39374834656084656,250
35150,0.0616019093609186,0.036375661375661394,-0.15422453703703703,0.23952380952380953,0.39374834656084656,250
35200,0.06255110260312532,0.036375661375661394,-0.15625,0.23809523809523814,0.39434523809523814,250
35250,0.06457828948686395,0.040000000000000036,-0.15625,0.23952380952380953,0.3957738095238095,250
35300,0.06657079089849578,0.040000000000000036,-0.15625,0.23809523809523814,0.39434523809523814,250
35350,0.07005741354983284,0.04173913043478261,-0.15625,0.23809523809523814,0.39434523809523814,250
35400,0.07348912410790803,0.042572463768115965,-0.15625,0.23809523809523814,0.39434523809523814,250
35450,0.07629027951061514,0.042572463768115965,-0.15625,0.24702380952380953,0.40327380952380953,250
35500,0.07767352007245319,0.058441558441558406,-0.15422453703703703,0.25,0.40422453703703703,250
35550,0.07960888009709284,0.058441558441558406,-0.15422453703703703,0.25,0.40422453703703703,250
35600,0.08210182982496571,0.0714285714285714,-0.14814814814814814,0.2560483870967742,0.40419653524492233,250
35650,0.0831669576076722,0.0714285714285714,-0.14682539682539683,0.2560483870967742,0.402873783922171,250
35700,0.08561157736855839,0.0714285714285714,-0.1428571428571429,0.2560483870967742,0.3989055299539171,250
35750,0.0886007813049962,0.0714285714285714,-0.13043478260869568,0.26643920595533493,0.3968739885640306,250
35800,0.09222098828787186,0.0714285714285714,-0.1300841514726508,0.2742042440318303,0.4042883955044811,250
35850,0.09482327701599194,0.0714285714285714,-0.1300841514726508,0.2742042440318303,0.4042883955044811,250
35900,0.0963264266184722,0.0714285714285714,-0.1280241935483871,0.27896551724137936,0.4069897107897664,250
35950,0.09822278414982974,0.0714285714285714,-0.1280241935483871,0.2901785714285715,0.41820276497695863,250
36000,0.10371220147645852,0.07549857549857553,-0.125,0.2901785714285715,0.4151785714285715,250
36050,0.10621102887940813,0.08000000000000007,-0.125,0.3057692307692308,0.4307692307692308,250
36100,0.1086557326881442,0.08000000000000007,-0.125,0.3068561872909699,0.4318561872909699,250
36150,0.11130133380632404,0.08000000000000007,-0.125,0.3068561872909699,0.4318561872909699,250
36200,0.11293424900180973,0.08000000000000007,-0.125,0.3057692307692308,0.4307692307692308,250
36250,0.11523134205964419,0.08347826086956522,-0.12152777777777779,0.3137651821862349,0.4352929599640127,250
36300,0.11851363605011662,0.1071428571428572,-0.11777777777777779,0.33333333333333326,0.451111111111111,250
36350,0.12102210053835506,0.1071428571428572,-0.10964912280701758,0.35481366459627334,0.46446278740329094,250
36400,0.1237413282285876,0.1071428571428572,-0.10919540229885061,0.35964912280701755,0.46884452510586816,250
36450,0.12641401245662975,0.1071428571428572,-0.11777777777777779,0.3698830409356726,0.48766081871345035,250
36500,0.12898485819107297,0.1071428571428572,-0.10714285714285718,0.3738425925925926,0.48098544973544977,250
36550,0.13155653070327844,0.11111111111111116,-0.10714285714285718,0.3738425925925926,0.48098544973544977,250
36600,0.13442033092120909,0.11111111111111116,-0.10416666666666663,0.3738425925925926,0.47800925925925924,250
36650,0.13679855668900007,0.11111111111111116,-0.10416666666666663,0.3738425925925926,0.47800925925925924,250
36700,0.13793383051383912,0.11111111111111116,-0.09415584415584416,0.3698830409356726,0.46403888509151675,250
36750,0.14036904858704854,0.11111111111111116,-0.09415584415584416,0.3698830409356726,0.46403888509151675,250
36800,0.14314716336069627,0.11324786324786329,-0.08901515151515155,0.3738425925925926,0.46285774410774416,250
36850,0.1459322134739601,0.11324786324786329,-0.08901515151515155,0.3805418719211823,0.4695570234363338,250
36900,0.14902420006505498,0.1200000000000001,-0.08901515151515155,0.3805418719211823,0.4695570234363338,250
36950,0.1517410053724814,0.11769230769230776,-0.08605072463768121,0.38369963369963367,0.4697503583373149,250
37000,0.1537537117806986,0.12250000000000005,-0.08695652173913049,0.3846153846153846,0.47157190635451507,250
37050,0.15684107226438476,0.12250000000000005,-0.08605072463768121,0.3846153846153846,0.4706661092530658,250
37100,0.15897967653035933,0.1200000000000001,-0.08605072463768121,0.3846153846153846,0.4706661092530658,250
37150,0.16156336243826377,0.11769230769230776,-0.08605072463768121,0.3846153846153846,0.4706661092530658,250
37200,0.1645665489765995,0.11324786324786329,-0.08605072463768121,0.3999999999999999,0.4860507246376811,250
37250,0.16867482289920413,0.1200000000000001,-0.08333333333333337,0.40555555555555556,0.48888888888888893,250
37300,0.17110350229752955,0.1200000000000001,-0.08333333333333337,0.40555555555555556,0.48888888888888893,250
37350,0.17243546097492302,0.1200000000000001,-0.08333333333333337,0.40867003367003374,0.4920033670033671,250
37400,0.17674233812523266,0.125,-0.07974137931034486,0.41958041958041964,0.4993217988907645,250
37450,0.17997392105948426,0.13961038961038963,-0.07279693486590039,0.40681818181818186,0.47961511668408224,250
37500,0.182671324099556,0.14814814814814814,-0.07279693486590039,0.40681818181818186,0.47961511668408224,250
37550,0.18584400621056577,0.14814814814814814,-0.08101851851851855,0.40681818181818186,0.4878367003367004,250
37600,0.18826131344647046,0.15384615384615374,-0.08101851851851855,0.41958041958041964,0.5005989380989382,250
37650,0.19097219432915044,0.15692307692307683,-0.07279693486590039,0.42719780219780223,0.4999947370637026,250
37700,0.19372262008904326,0.15999999999999992,-0.07279693486590039,0.4285714285714286,0.5013683634373289,250
37750,0.1974150885027936,0.15999999999999992,-0.04707792207792211,0.4285714285714286,0.4756493506493507,250
37800,0.2007576070533035,0.15999999999999992,-0.04658385093167705,0.4285714285714286,0.47515527950310565,250
37850,0.20337989029331494,0.15894736842105261,-0.04347826086956519,0.43214285714285716,0.47562111801242235,250
37900,0.20657756583657447,0.15999999999999992,-0.04347826086956519,0.4590570719602977,0.502535332829863,250
37950,0.20936986679090056,0.16333333333333333,-0.04347826086956519,0.46153846153846145,0.5050167224080266,250
38000,0.2123271215853503,0.16666666666666674,-0.04658385093167705,0.4653846153846153,0.5119684663162923,250
38050,0.21523481772426156,0.16666666666666674,-0.04658385093167705,0.4653846153846153,0.5119684663162923,250
38100,0.2190664452635188,0.16666666666666674,-0.04347826086956519,0.4761904761904763,0.5196687370600415,250
38150,0.22309206353856595,0.17028985507246386,-0.04166666666666663,0.4959677419354839,0.5376344086021505,250
38200,0.22603485403972304,0.1762422360248448,-0.040509259259259245,0.4819508448540707,0.5224601041133299,250
38250,0.2288189768199017,0.1785714285714286,-0.040509259259259245,0.49404761904761907,0.5345568783068784,250
38300,0.23125440051541535,0.18019480519480524,-0.0381054131054131,0.49404761904761907,0.5321530321530321,250
38350,0.23581638466652993,0.1835016835016835,-0.034598214285714274,0.5,0.5345982142857143,250
38400,0.23963983049645915,0.1835016835016835,-0.034598214285714274,0.5,0.5345982142857143,250
38450,0.24172643081838213,0.1967741935483871,-0.034598214285714274,0.5,0.5345982142857143,250
38500,0.2446007047692078,0.19999999999999996,-0.0234375,0.5,0.5234375,250
38550,0.24960212690447486,0.19999999999999996,0.0,0.5,0.5,250
38600,0.25272584323209585,0.20344827586206893,0.0,0.5120967741935484,0.5120967741935484,250
38650,0.2552222928036946,0.21240601503759393,0.0,0.5120967741935484,0.5120967741935484,250
38700,0.25766209624408204,0.21240601503759393,0.0,0.5179211469534051,0.5179211469534051,250
38750,0.26022206661007113,0.21240601503759393,0.0,0.5179211469534051,0.5179211469534051,250
38800,0.2626576145893658,0.2142857142857142,0.0,0.5232919254658385,0.5232919254658385,250
38850,0.2660003165719472,0.2142857142857142,0.0,0.5351190476190477,0.5351190476190477,250
38900,0.2687223338223903,0.2142857142857142,-0.0234375,0.5351190476190477,0.5585565476190477,250
38950,0.2735117751098072,0.2152509652509652,0.0,0.5371794871794873,0.5371794871794873,250
39000,0.27522423608683333,0.2152509652509652,0.0,0.5371794871794873,0.5371794871794873,250
39050,0.27963244854932545,0.21921921921921927,0.0,0.5400207900207901,0.5400207900207901,250
39100,0.2841607954446364,0.2272727272727273,0.0,0.5384615384615385,0.5384615384615385,250
39150,0.2877782160959532,0.23268398268398272,0.0,0.5400207900207901,0.5400207900207901,250
39200,0.2893521710299082,0.23268398268398272,0.0,0.5400207900207901,0.5400207900207901,250
39250,0.29212393985924745,0.23268398268398272,0.0,0.5400207900207901,0.5400207900207901,250
39300,0.2939974831958043,0.2247474747474748,0.0,0.5467069892473118,0.5467069892473118,250
39350,0.29734888576927426,0.23432601880877746,0.0,0.5673423423423423,0.5673423423423423,250
39400,0.3007869257193375,0.2456896551724138,0.0,0.5673423423423423,0.5673423423423423,250
39450,0.30416722929183115,0.25462962962962965,0.0,0.5714285714285714,0.5714285714285714,250
39500,0.3069143338818353,0.25462962962962965,0.0,0.5817307692307692,0.5817307692307692,250
39550,0.3088146606085264,0.2592592592592593,0.0,0.5917792792792792,0.5917792792792792,250
39600,0.3129669823332081,0.2592592592592593,0.0,0.5917792792792792,0.5917792792792792,250
39650,0.31745494997414275,0.2600644122383253,0.0,0.5917792792792792,0.5917792792792792,250
39700,0.32051004726842147,0.26086956521739135,0.0,0.5917792792792792,0.5917792792792792,250
39750,0.3236305871915912,0.26086956521739135,0.0,0.5803571428571428,0.5803571428571428,250
39800,0.32640502952097394,0.26086956521739135,0.0,0.5803571428571428,0.5803571428571428,250
39850,0.33060477718569914,0.27306616961789376,0.03125,0.5833333333333333,0.5520833333333333,250
39900,0.33271867723116305,0.27306616961789376,0.03125,0.5833333333333333,0.5520833333333333,250
39950,0.33603766410986463,0.28,0.03150201612903225,0.5958333333333334,0.5643313172043012,250
40000,0.3389007308480806,0.2828571428571429,0.03252688172043011,0.6133241758241759,0.5807972941037458,250
40050,0.34311650450436987,0.2857142857142858,0.03252688172043011,0.6209781209781211,0.588451239257691,250
40100,0.34565475862010553,0.2857142857142858,0.03252688172043011,0.6235119047619048,0.5909850230414746,250
40150,0.3489490453821202,0.2857142857142858,0.040000000000000036,0.6235119047619048,0.5835119047619047,250
40200,0.3507257576629628,0.2857142857142858,0.040000000000000036,0.6190476190476191,0.579047619047619,250
40250,0.35267007221891006,0.2962962962962963,0.04041666666666671,0.6190476190476191,0.5786309523809523,250
40300,0.3562509879620596,0.2962962962962963,0.04211956521739135,0.6190476190476191,0.5769280538302277,250
40350,0.3589948911102424,0.29814814814814816,0.04211956521739135,0.6190476190476191,0.5769280538302277,250
40400,0.3613532582505192,0.3021739130434783,0.04211956521739135,0.6209781209781211,0.5788585557607298,250
40450,0.3642732039665259,0.30434782608695654,0.04823369565217389,0.6412337662337662,0.5930000705815923,250
40500,0.3667070240272641,0.30434782608695654,0.06624423963133635,0.6512925969447709,0.5850483573134346,250
40550,0.36994310286445986,0.3073463268365817,0.0714285714285714,0.6666666666666667,0.5952380952380953,250
40600,0.37296635542016715,0.31306715063520874,0.07280219780219777,0.6666666666666667,0.593864468864469,250
40650,0.3762097666936171,0.31306715063520874,0.07280219780219777,0.6666666666666667,0.593864468864469,250
40700,0.3797874555104363,0.3190909090909091,0.07692307692307687,0.6666666666666667,0.5897435897435899,250
40750,0.3829836986616184,0.32071428571428573,0.07692307692307687,0.6666666666666667,0.5897435897435899,250
40800,0.3859708245110532,0.3214285714285714,0.07692307692307687,0.6858974358974359,0.608974358974359,250
40850,0.3888497467446306,0.32738095238095233,0.07692307692307687,0.6666666666666667,0.5897435897435899,250
40900,0.39085380094756783,0.33333333333333326,0.08333333333333326,0.6666666666666667,0.5833333333333335,250
40950,0.3947978129942908,0.33333333333333326,0.08423913043478254,0.6666666666666667,0.5824275362318843,250
41000,0.39671278235574353,0.33333333333333326,0.08423913043478254,0.7053571428571428,0.6211180124223603,250
41050,0.39943442655521405,0.3390804597701149,0.08333333333333326,0.7053571428571428,0.6220238095238095,250
41100,0.40378411851234863,0.3405797101449275,0.08333333333333326,0.7053571428571428,0.6220238095238095,250
41150,0.4066048501684927,0.3423423423423423,0.08333333333333326,0.7053571428571428,0.6220238095238095,250
41200,0.4107872961527378,0.35857142857142865,0.08333333333333326,0.6888736263736264,0.6055402930402931,250
41250,0.41348790892710413,0.35857142857142865,0.08423913043478254,0.6979166666666666,0.613677536231884,250
41300,0.41693511448140647,0.3618181818181818,0.08794466403162049,0.704326923076923,0.6163822590453025,250
41350,0.42083258981616667,0.36363636363636354,0.08794466403162049,0.712797619047619,0.6248529550159985,250
41400,0.42484931924615704,0.367003367003367,0.09449760765550236,0.7307692307692308,0.6362716231137284,250
41450,0.42957945410396053,0.37268518518518523,0.09449760765550236,0.7307692307692308,0.6362716231137284,250
41500,0.4328565271300658,0.37715517241379315,0.09449760765550236,0.7307692307692308,0.6362716231137284,250
41550,0.43849348774414826,0.3913043478260869,0.10573308270676701,0.7458333333333333,0.6401002506265663,250
41600,0.442908324104283,0.39208074534161486,0.1071428571428572,0.7619047619047619,0.6547619047619047,250
41650,0.44687296381229413,0.3928571428571428,0.1071428571428572,0.7619047619047619,0.6547619047619047,250
41700,0.4501764254794514,0.3928571428571428,0.1071428571428572,0.7619047619047619,0.6547619047619047,250
41750,0.4532674669776964,0.3928571428571428,0.1116071428571429,0.7692307692307692,0.6576236263736263,250
41800,0.4567904987990404,0.39642857142857135,0.1116071428571429,0.7692307692307692,0.6576236263736263,250
41850,0.4589325848479413,0.3999999999999999,0.1081349206349207,0.7792642140468227,0.671129293411902,250
41900,0.46242593970336354,0.3999999999999999,0.11458333333333337,0.7692307692307692,0.6546474358974358,250
41950,0.46621433224550274,0.4082491582491583,0.11458333333333337,0.7814009661835748,0.6668176328502414,250
42000,0.4711083682759784,0.4114420062695925,0.1263586956521739,0.7814009661835748,0.655042270531401,250
42050,0.47458894693346676,0.4114420062695925,0.12938288920056107,0.7814009661835748,0.6520180769830137,250
42100,0.4796961510082273,0.40909090909090917,0.1319169960474308,0.7916666666666667,0.659749670619236,250
42150,0.48270378122435686,0.4114420062695925,0.12938288920056107,0.7979166666666667,0.6685337774661056,250
42200,0.4874677976598482,0.42261904761904767,0.13798701298701305,0.8057692307692308,0.6677822177822177,250
42250,0.4921308513416875,0.430952380952381,0.1428571428571428,0.8076923076923077,0.6648351648351649,250
42300,0.4949912176597817,0.4340579710144927,0.14417989417989413,0.8076923076923077,0.6635124135124135,250
42350,0.49897650706677205,0.43999999999999995,0.14417989417989413,0.8134920634920635,0.6693121693121693,250
42400,0.5012313014511317,0.437391304347826,0.1428571428571428,0.8184523809523809,0.6755952380952381,250
42450,0.5056404827244856,0.4444444444444444,0.14417989417989413,0.8273809523809523,0.6832010582010581,250
42500,0.5079478179779378,0.45307917888563054,0.14957264957264954,0.8287037037037037,0.6791310541310542,250
42550,0.5109602831902665,0.4654761904761904,0.14957264957264954,0.8333333333333333,0.6837606837606838,250
42600,0.5143556498265611,0.47246376811594193,0.1544471153846153,0.8333333333333333,0.678886217948718,250
42650,0.5183126177585068,0.46666666666666656,0.1544471153846153,0.8333333333333333,0.678886217948718,250
42700,0.522415676878326,0.46666666666666656,0.15625,0.8333333333333333,0.6770833333333333,250
42750,0.5258665130855648,0.47246376811594193,0.15666118421052633,0.8333333333333333,0.6766721491228069,250
42800,0.5297204003455656,0.47987117552334935,0.15666118421052633,0.8333333333333333,0.6766721491228069,250
42850,0.5335673755507935,0.47987117552334935,0.15842105263157896,0.8333333333333333,0.6749122807017542,250
42900,0.5367308265084647,0.47987117552334935,0.15842105263157896,0.8429487179487181,0.684527665317139,250
42950,0.5402558441777621,0.47987117552334935,0.16347826086956518,0.8429487179487181,0.6794704570791529,250
43000,0.5451631442184722,0.4932432432432432,0.17391304347826098,0.8429487179487181,0.6690356744704571,250
43050,0.5488448323412772,0.4932432432432432,0.17391304347826098,0.8429487179487181,0.6690356744704571,250
43100,0.5525514739607958,0.5,0.17507763975155288,0.8490384615384616,0.6739608217869087,250
43150,0.5563324192858125,0.5,0.18181818181818188,0.8688405797101451,0.6870223978919632,250
43200,0.5604617902697996,0.5080645161290323,0.1826599326599327,0.8961538461538461,0.7134939134939133,250
43250,0.5622976172070663,0.514821272885789,0.1826599326599327,0.8907967032967032,0.7081367706367705,250
43300,0.5651348207365037,0.5173237753882916,0.1826599326599327,0.8907967032967032,0.7081367706367705,250
43350,0.5692032967098433,0.5185185185185186,0.1872759856630824,0.8907967032967032,0.7035207176336209,250
43400,0.5727382130093248,0.5185185185185186,0.1872759856630824,0.8907967032967032,0.7035207176336209,250
43450,0.5760148692380043,0.5357142857142858,0.19516129032258067,0.8961538461538461,0.7009925558312654,250
43500,0.5827612241196066,0.5416666666666667,0.19516129032258067,0.8961538461538461,0.7009925558312654,250
43550,0.5849420022545152,0.5435606060606061,0.19516129032258067,0.9097826086956522,0.7146213183730715,250
43600,0.5889031342281492,0.5555555555555556,0.19516129032258067,0.9097826086956522,0.7146213183730715,250
43650,0.5928748698521699,0.5577777777777778,0.20357142857142851,0.9157608695652175,0.712189440993789,250
43700,0.5959934639937553,0.5634920634920635,0.21540178571428564,0.9157608695652175,0.7003590838509319,250
43750,0.5997694663145317,0.5634920634920635,0.21540178571428564,0.9299999999999999,0.7145982142857144,250
43800,0.6033832015655602,0.5555555555555556,0.21506211180124218,0.9517857142857142,0.7367236024844721,250
43850,0.6067667257871878,0.5634920634920635,0.20357142857142851,0.9517857142857142,0.7482142857142857,250
43900,0.608365976179182,0.5694980694980695,0.20357142857142851,0.9517857142857142,0.7482142857142857,250
43950,0.6127649090658431,0.5694980694980695,0.21506211180124218,0.9517857142857142,0.7367236024844721,250
44000,0.6159203237344714,0.5694980694980695,0.2185990338164252,0.963095238095238,0.7444962042788128,250
44050,0.6197067220968117,0.5694980694980695,0.2185990338164252,0.963095238095238,0.7444962042788128,250
44100,0.6234043282317943,0.5694980694980695,0.22348484848484856,0.963095238095238,0.7396103896103894,250
44150,0.625451362956834,0.5714285714285714,0.22348484848484856,0.9523809523809523,0.7288961038961037,250
44200,0.6284992885497596,0.576036866359447,0.2272727272727273,0.9523809523809523,0.725108225108225,250
44250,0.6331002759365172,0.5773809523809523,0.2272727272727273,0.9523809523809523,0.725108225108225,250
44300,0.6341062782955331,0.5714285714285714,0.2272727272727273,0.9523809523809523,0.725108225108225,250
44350,0.6362737902758328,0.5714285714285714,0.23045454545454547,0.9523809523809523,0.7219264069264069,250
44400,0.6394677795393873,0.5714285714285714,0.25,0.9653846153846153,0.7153846153846153,250
44450,0.6442977949692682,0.5714285714285714,0.258363201911589,0.9916666666666667,0.7333034647550777,250
44500,0.647294408619143,0.5714285714285714,0.258363201911589,0.9903846153846154,0.7320214134730264,250
44550,0.6519042776699334,0.5847701149425287,0.258363201911589,0.9903846153846154,0.7320214134730264,250
44600,0.6568713637226034,0.5893997445721584,0.25201612903225806,0.9903846153846154,0.7383684863523574,250
44650,0.6598213730639928,0.5893997445721584,0.25,0.9910714285714286,0.7410714285714286,250
44700,0.6624756485968659,0.5893997445721584,0.25201612903225806,1.0,0.747983870967742,250
44750,0.6653502635795842,0.5925925925925926,0.2596618357487923,1.0,0.7403381642512077,250
44800,0.6703066191910502,0.5925925925925926,0.2727272727272727,1.0,0.7272727272727273,250
44850,0.6749560455603558,0.5962962962962963,0.275974025974026,1.0,0.724025974025974,250
44900,0.6787585556228487,0.6000000000000001,0.275974025974026,1.0,0.724025974025974,250
44950,0.6839583099191917,0.603030303030303,0.275974025974026,1.0,0.724025974025974,250
45000,0.6866520730197746,0.603030303030303,0.275974025974026,1.0,0.724025974025974,250
45050,0.6891707951133391,0.603030303030303,0.2727272727272727,1.0,0.7272727272727273,250
45100,0.6914040083734654,0.6112637362637363,0.2727272727272727,1.0,0.7272727272727273,250
45150,0.6962735284584928,0.6180371352785146,0.2814285714285715,1.0,0.7185714285714285,250
45200,0.7008114338794403,0.6180371352785146,0.2814285714285715,1.0357142857142856,0.7542857142857141,250
45250,0.7054261865691113,0.6296296296296295,0.2814285714285715,1.0401785714285712,0.7587499999999997,250
45300,0.7093345812144924,0.6251596424010216,0.28686635944700467,1.033542471042471,0.7466761115954663,250
45350,0.7141853806214089,0.6381818181818182,0.28686635944700467,1.0401785714285712,0.7533122119815665,250
45400,0.7173477246346,0.6381818181818182,0.29166666666666674,1.0401785714285712,0.7485119047619044,250
45450,0.722498726202131,0.6381818181818182,0.29166666666666674,1.0519736842105263,0.7603070175438595,250
45500,0.7265168930957695,0.6381818181818182,0.2906586021505376,1.0530405405405405,0.7623819383900029,250
45550,0.7312105272723949,0.6407624633431086,0.29830917874396135,1.0670849420849422,0.7687757633409809,250
45600,0.7368990438446581,0.6486676016830295,0.30176767676767674,1.0670849420849422,0.7653172653172655,250
45650,0.7412230271723881,0.6486676016830295,0.3181818181818181,1.084942084942085,0.7667602667602669,250
45700,0.7467290025683763,0.6495037220843672,0.3181818181818181,1.098809523809524,0.7806277056277058,250
45750,0.7498982876370549,0.6495037220843672,0.3181818181818181,1.098809523809524,0.7806277056277058,250
45800,0.7529104105157071,0.6618663594470047,0.3203571428571429,1.106081081081081,0.7857239382239382,250
45850,0.7576016101211478,0.6618663594470047,0.3203571428571429,1.106081081081081,0.7857239382239382,250
45900,0.7622541961983207,0.6726190476190477,0.3217165898617511,1.1103603603603602,0.7886437704986091,250
45950,0.76701068460516,0.699177438307873,0.32440476190476186,1.1538461538461537,0.8294413919413919,250
46000,0.7731927444132088,0.699177438307873,0.3365384615384615,1.151098901098901,0.8145604395604396,250
46050,0.7773044420933761,0.7032032032032032,0.3365384615384615,1.151098901098901,0.8145604395604396,250
46100,0.782312066855924,0.7047930283224401,0.3365384615384615,1.151098901098901,0.8145604395604396,250
46150,0.7880201972415782,0.7142857142857142,0.3483250620347395,1.1524216524216524,0.8040965903869128,250
46200,0.7916550715741058,0.7032032032032032,0.3483250620347395,1.1600831600831603,0.8117580980484207,250
46250,0.79577307275764,0.708994708994709,0.32847394540942926,1.175595238095238,0.8471212926858087,250
46300,0.8017409650901786,0.7142857142857142,0.32847394540942926,1.1875,0.8590260545905708,250
46350,0.807004832875486,0.7171428571428571,0.3319354838709677,1.2099780701754388,0.8780425863044711,250
46400,0.8117108035505054,0.7142857142857142,0.331221198156682,1.212797619047619,0.8815764208909371,250
46450,0.8152257866771895,0.72,0.331221198156682,1.212797619047619,0.8815764208909371,250
46500,0.8180792736834044,0.7220689655172413,0.33928571428571425,1.2157335907335907,0.8764478764478765,250
46550,0.8214800927701688,0.7220689655172413,0.35785714285714293,1.212797619047619,0.8549404761904762,250
46600,0.8265956017234056,0.7220689655172413,0.36090909090909096,1.2251602564102564,0.8642511655011654,250
46650,0.8302468442650829,0.725705329153605,0.36090909090909096,1.2451923076923077,0.8842832167832168,250
46700,0.8361378054134353,0.725705329153605,0.37152777777777785,1.25,0.8784722222222221,250
46750,0.8416353635316074,0.7349498327759197,0.37907608695652173,1.25,0.8709239130434783,250
46800,0.8460099822384599,0.7445652173913043,0.37907608695652173,1.25,0.8709239130434783,250
46850,0.8517423503621472,0.7464285714285714,0.3913043478260869,1.2644230769230769,0.87311872909699,250
46900,0.8563856795933996,0.75,0.3913043478260869,1.2692307692307692,0.8779264214046822,250
46950,0.8611715759322263,0.7543103448275862,0.3913043478260869,1.2923076923076922,0.9010033444816052,250
47000,0.8656984669623699,0.7593103448275862,0.3916925465838509,1.2815934065934065,0.8899008600095556,250
47050,0.8693328426661903,0.7593103448275862,0.3946428571428571,1.2901785714285712,0.8955357142857141,250
47100,0.8749096840110069,0.7752525252525252,0.3969155844155844,1.2901785714285712,0.8932629870129868,250
47150,0.8803177819500857,0.7841614906832298,0.3969155844155844,1.2901785714285712,0.8932629870129868,250
47200,0.8850926487668042,0.7916666666666667,0.4022727272727272,1.2901785714285712,0.887905844155844,250
47250,0.8900627814805773,0.7916666666666667,0.41258741258741266,1.2901785714285712,0.8775911588411585,250
47300,0.8953920798683387,0.7916666666666667,0.4301242236024845,1.2916666666666665,0.861542443064182,250
47350,0.9005455769660473,0.7916666666666667,0.4301242236024845,1.3032608695652175,0.873136645962733,250
47400,0.90499262353889,0.7965517241379311,0.4371980676328502,1.3057692307692306,0.8685711631363804,250
47450,0.9094134556255149,0.7923850574712644,0.4371980676328502,1.3057692307692306,0.8685711631363804,250
47500,0.9155240505240242,0.8136574074074074,0.4371980676328502,1.3179945054945055,0.8807964378616553,250
47550,0.9188862189574284,0.8136574074074074,0.4397233201581027,1.3179945054945055,0.8782711853364027,250
47600,0.9228570664236933,0.8148148148148149,0.4397233201581027,1.3179945054945055,0.8782711853364027,250
47650,0.9276979219843177,0.8164983164983165,0.42815249266862176,1.3310810810810811,0.9029285884124594,250
47700,0.9335945604211424,0.8198051948051948,0.4545454545454546,1.3333333333333335,0.8787878787878789,250
47750,0.9385247297930129,0.825,0.4545454545454546,1.3333333333333335,0.8787878787878789,250
47800,0.9429473626813871,0.8309523809523809,0.4672619047619047,1.342948717948718,0.8756868131868134,250
47850,0.9467929435919896,0.8280788177339902,0.4569805194805195,1.3461538461538463,0.8891733266733268,250
47900,0.9513076712580973,0.8309523809523809,0.46956521739130425,1.3461538461538463,0.876588628762542,250
47950,0.9570404678361563,0.8366666666666667,0.485,1.3461538461538463,0.8611538461538463,250
48000,0.962324137943738,0.841875,0.48611111111111105,1.367063492063492,0.880952380952381,250
48050,0.9662260794366806,0.8485714285714286,0.5054347826086957,1.3738425925925926,0.8684078099838969,250
48100,0.9703417412525511,0.8628526645768024,0.5246376811594204,1.3846153846153846,0.8599777034559641,250
48150,0.9756569079197257,0.8775,0.5252329192546585,1.396153846153846,0.8709209268991875,250
48200,0.9805782247966944,0.8775,0.5252329192546585,1.396153846153846,0.8709209268991875,250
48250,0.9860094812837649,0.8775,0.536401098901099,1.4124999999999999,0.8760989010989009,250
48300,0.9919158858101472,0.8823076923076922,0.5252329192546585,1.4338942307692308,0.9086613115145723,250
48350,0.997758319906379,0.8888888888888888,0.5204347826086957,1.4338942307692308,0.9134594481605351,250
48400,1.0047882138883475,0.8928571428571428,0.5357142857142858,1.4338942307692308,0.898179945054945,250
48450,1.0096523205083447,0.8980414746543779,0.536401098901099,1.4495689655172415,0.9131678666161425,250
48500,1.0151588769985154,0.9229629629629629,0.5357142857142858,1.4586538461538463,0.9229395604395605,250
48550,1.021879373026739,0.9259259259259258,0.536401098901099,1.4586538461538463,0.9222527472527473,250
48600,1.0285247155284074,0.9272486772486772,0.5566666666666666,1.5,0.9433333333333334,250
48650,1.0322460553693973,0.9229629629629629,0.5728021978021978,1.5,0.9271978021978022,250
48700,1.0351177218769927,0.9285714285714286,0.5813172043010753,1.5,0.9186827956989247,250
48750,1.0385855229609702,0.9285714285714286,0.5806451612903225,1.5,0.9193548387096775,250
48800,1.044027376520117,0.9285714285714286,0.5832111436950146,1.5,0.9167888563049854,250
48850,1.0489231495435196,0.9298029556650247,0.5832111436950146,1.5129310344827585,0.9297198907877439,250
48900,1.0538028878958061,0.9321839080459771,0.5832111436950146,1.53315649867374,0.9499453549787255,250
48950,1.0585732937820518,0.9404761904761905,0.5832111436950146,1.53315649867374,0.9499453549787255,250
49000,1.0620139218598237,0.9404761904761905,0.5832111436950146,1.5471153846153844,0.9639042409203699,250
49050,1.066676128484638,0.9404761904761905,0.5832111436950146,1.551293103448276,0.9680819597532614,250
49100,1.0718418276916035,0.9591666666666666,0.5909090909090908,1.551293103448276,0.9603840125391852,250
49150,1.076440152038164,0.962962962962963,0.5909090909090908,1.551293103448276,0.9603840125391852,250
49200,1.0808866462089295,0.962962962962963,0.5909090909090908,1.551293103448276,0.9603840125391852,250
49250,1.0849321207878655,0.962962962962963,0.5909090909090908,1.5750000000000002,0.9840909090909093,250
49300,1.0891547085665703,0.9648148148148148,0.5909090909090908,1.5750000000000002,0.9840909090909093,250
49350,1.0931602368250528,1.0,0.5832111436950146,1.5750000000000002,0.9917888563049856,250
49400,1.098299331267685,1.0,0.5909090909090908,1.5750000000000002,0.9840909090909093,250
49450,1.1047215013700467,1.0,0.5909090909090908,1.551293103448276,0.9603840125391852,250
49500,1.1088766840760236,1.0,0.5909090909090908,1.5750000000000002,0.9840909090909093,250
49550,1.1157751843775658,1.0,0.5909090909090908,1.577155172413793,0.9862460815047023,250
49600,1.121248827382167,1.0,0.5949675324675324,1.5715811965811968,0.9766136641136643,250
49650,1.1259732123113173,1.0166666666666666,0.5949675324675324,1.5715811965811968,0.9766136641136643,250
49700,1.1323344656993968,1.0357142857142856,0.6085829493087558,1.5942307692307693,0.9856478199220136,250
49750,1.1371511777569998,1.0357142857142856,0.5949675324675324,1.5942307692307693,0.9992632367632369,250
49800,1.1425320522633846,1.0357142857142856,0.6085829493087558,1.6,0.9914170506912443,250
49850,1.1487460928015862,1.0357142857142856,0.6085829493087558,1.6,0.9914170506912443,250
49900,1.153335779201063,1.0363756613756614,0.6129032258064515,1.6,0.9870967741935486,250
49950,1.1580240822866206,1.0412457912457913,0.6097475455820477,1.6429765886287624,1.0332290430467146,250
50000,1.165212752568279,1.0427272727272727,0.6227208976157081,1.6429765886287624,1.0202556910130542,250
50050,1.172095846435481,1.06478578892372,0.6407342657342658,1.6548408488063662,1.0141065830721003,250
50100,1.177776630802382,1.0727513227513228,0.6372727272727273,1.6830238726790454,1.0457511454063182,250
50150,1.18182670890066,1.0727513227513228,0.6434615384615383,1.6637931034482758,1.0203315649867375,250
50200,1.1868162435327354,1.074074074074074,0.6434615384615383,1.6637931034482758,1.0203315649867375,250
50250,1.191600090261454,1.074074074074074,0.6538461538461537,1.6637931034482758,1.009946949602122,250
50300,1.194440500861469,1.077037037037037,0.6538461538461537,1.6637931034482758,1.009946949602122,250
50350,1.201087445670248,1.08,0.6538461538461537,1.6666666666666665,1.0128205128205128,250
50400,1.2053056098956232,1.08,0.6538461538461537,1.6666666666666665,1.0128205128205128,250
50450,1.2108329816695595,1.08,0.6538461538461537,1.6980769230769233,1.0442307692307695,250
50500,1.2155191455763075,1.08,0.6570512820512819,1.6980769230769233,1.0410256410256413,250
50550,1.2207453728340993,1.082857142857143,0.6570512820512819,1.6980769230769233,1.0410256410256413,250
50600,1.2253453495362707,1.0960061443932412,0.67,1.6980769230769233,1.0280769230769233,250
50650,1.2307096341513868,1.0960061443932412,0.6804545454545454,1.7062500000000003,1.0257954545454548,250
50700,1.2356207112261421,1.0960061443932412,0.6804545454545454,1.7395833333333335,1.059128787878788,250
50750,1.240698215964456,1.0960061443932412,0.6951566951566952,1.7395833333333335,1.0444266381766383,250
50800,1.244602287952044,1.0960061443932412,0.6989182692307692,1.7410714285714286,1.0421531593406594,250
50850,1.2522166452256216,1.096774193548387,0.7190624999999999,1.7451923076923077,1.0261298076923078,250
50900,1.258134395298025,1.10727969348659,0.72,1.75,1.03,250
50950,1.26428620066755,1.1111111111111112,0.72,1.75,1.03,250
51000,1.2696731061105129,1.1111111111111112,0.7226923076923077,1.75,1.0273076923076923,250
51050,1.2736818167815762,1.1225,0.7226923076923077,1.75,1.0273076923076923,250
51100,1.2794312850857363,1.1225,0.7332621082621082,1.75,1.0167378917378918,250
51150,1.2855016625290034,1.1225,0.7281468531468531,1.75,1.0218531468531469,250
51200,1.2930494883186283,1.1428571428571428,0.7332621082621082,1.7916666666666665,1.0584045584045583,250
51250,1.2993232343350136,1.1455026455026456,0.7332621082621082,1.8229166666666667,1.0896545584045585,250
51300,1.305207115320326,1.1574074074074074,0.7395330112721417,1.8174818840579712,1.0779488727858295,250
51350,1.3127569363309786,1.1574074074074074,0.7395330112721417,1.8458333333333334,1.1063003220611918,250
51400,1.317430469746805,1.1666666666666665,0.7395330112721417,1.8458333333333334,1.1063003220611918,250
51450,1.3235298389892391,1.1695402298850575,0.7395330112721417,1.8440217391304348,1.104488727858293,250
51500,1.329672948646223,1.1754926108374384,0.7328595317725752,1.831521739130435,1.0986622073578598,250
51550,1.3336053388466267,1.1754926108374384,0.7328595317725752,1.831521739130435,1.0986622073578598,250
51600,1.3384633670435155,1.1818783068783068,0.7466555183946488,1.8333333333333335,1.0866778149386846,250
51650,1.3431052148950215,1.2083333333333335,0.7692307692307692,1.8333333333333335,1.0641025641025643,250
51700,1.3499143545297452,1.2128623188405798,0.7727272727272727,1.8513888888888888,1.078661616161616,250
51750,1.3551347286633104,1.2128623188405798,0.7727272727272727,1.8513888888888888,1.078661616161616,250
51800,1.3589899259245044,1.2041666666666668,0.7727272727272727,1.8590517241379312,1.0863244514106585,250
51850,1.3652590130918438,1.2128623188405798,0.7727272727272727,1.8590517241379312,1.0863244514106585,250
51900,1.3703072178519882,1.2173913043478262,0.7727272727272727,1.8590517241379312,1.0863244514106585,250
51950,1.3762070918983758,1.2286956521739132,0.7748579545454546,1.8590517241379312,1.0841937695924766,250
52000,1.3823947001704133,1.2286956521739132,0.7937500000000001,1.8590517241379312,1.0653017241379312,250
52050,1.3879342777815127,1.245,0.8,1.8608374384236455,1.0608374384236454,250
52100,1.392735488233592,1.25,0.8,1.8905172413793103,1.0905172413793103,250
52150,1.3980923928797169,1.25,0.8023809523809524,1.9194444444444445,1.117063492063492,250
52200,1.4035623616274426,1.25,0.8023809523809524,1.9194444444444445,1.117063492063492,250
52250,1.4102772583453658,1.25,0.8116883116883117,1.9562807881773399,1.144592476489028,250
52300,1.415611698245411,1.25,0.8201581027667983,1.9652093596059115,1.1450512568391131,250
52350,1.4216501216439068,1.25,0.8409375000000001,1.9652093596059115,1.1242718596059114,250
52400,1.429162589936898,1.2637681159420289,0.8470982142857143,1.9652093596059115,1.118111145320197,250
52450,1.4346088434162916,1.2779310344827586,0.8587662337662338,1.9652093596059115,1.1064431258396776,250
52500,1.4398841945691911,1.2828571428571427,0.8587662337662338,1.9821428571428572,1.1233766233766234,250
52550,1.4461714869078532,1.2857142857142856,0.8587662337662338,1.9821428571428572,1.1233766233766234,250
52600,1.453504873164215,1.2857142857142856,0.8587662337662338,1.9875,1.1287337662337662,250
52650,1.457005429615768,1.2880184331797235,0.8571428571428572,1.9875,1.1303571428571428,250
52700,1.4616158828546317,1.2903225806451615,0.8531746031746033,1.9895833333333335,1.1364087301587302,250
52750,1.4670418955761884,1.2916666666666665,0.8571428571428572,1.9910714285714286,1.1339285714285714,250
52800,1.4724816639388292,1.3015151515151515,0.8587662337662338,2.046626984126984,1.1878607503607503,250
52850,1.480536030233496,1.306687565308255,0.8866758241758241,2.046626984126984,1.15995115995116,250
52900,1.4889974484455195,1.3199999999999998,0.8866758241758241,2.046626984126984,1.15995115995116,250
52950,1.4953164116540303,1.3548387096774195,0.8969155844155844,2.0555555555555554,1.158639971139971,250
53000,1.5038087545417476,1.3548387096774195,0.9090909090909092,2.0625,1.1534090909090908,250
53050,1.50986166622792,1.3548387096774195,0.8969155844155844,2.075,1.178084415584416,250
53100,1.51454620573357,1.349833147942158,0.8969155844155844,2.09375,1.1968344155844157,250
53150,1.5200064152484052,1.349833147942158,0.8969155844155844,2.1041666666666665,1.2072510822510822,250
53200,1.52482331630254,1.3685185185185185,0.9069602272727273,2.1041666666666665,1.1972064393939392,250
53250,1.5306686253842257,1.3685185185185185,0.9125874125874127,2.1041666666666665,1.1915792540792538,250
53300,1.5360664586268715,1.365185185185185,0.9125874125874127,2.1041666666666665,1.1915792540792538,250
53350,1.5437277782194803,1.365185185185185,0.9237891737891738,2.111607142857143,1.1878179690679689,250
53400,1.5500003660743618,1.3779761904761905,0.9265873015873015,2.133241758241758,1.2066544566544568,250
53450,1.5562911267077892,1.380952380952381,0.9265873015873015,2.1517857142857144,1.225198412698413,250
53500,1.5622355188056072,1.380952380952381,0.9350649350649352,2.15625,1.2211850649350648,250
53550,1.5682856772045988,1.380952380952381,0.9350649350649352,2.15625,1.2211850649350648,250
53600,1.5760420687431036,1.3887362637362637,0.9417613636363636,2.183531746031746,1.2417703823953823,250
53650,1.581824423815331,1.4037037037037037,0.9545454545454546,2.2051724137931035,1.2506269592476489,250
53700,1.5900004045420817,1.4165739710789766,0.9559090909090909,2.2051724137931035,1.2492633228840124,250
53750,1.5951218923780968,1.4285714285714284,0.9603846153846154,2.19683908045977,1.2364544650751548,250
53800,1.6022081192784747,1.4342857142857142,1.0,2.1951724137931032,1.1951724137931032,250
53850,1.6088944883347231,1.44,1.0,2.2051724137931035,1.2051724137931035,250
53900,1.615958648004219,1.4422222222222223,1.0,2.2051724137931035,1.2051724137931035,250
53950,1.6229345197296334,1.4594155844155845,1.0,2.2079741379310347,1.2079741379310347,250
54000,1.629376886096415,1.4594155844155845,1.0,2.2079741379310347,1.2079741379310347,250
54050,1.6339463645766352,1.462912087912088,1.0,2.2320833333333336,1.2320833333333336,250
54100,1.63998286067927,1.462912087912088,1.0,2.2335714285714285,1.2335714285714285,250
54150,1.6481446583546862,1.4819354838709677,1.0,2.2410344827586206,1.2410344827586206,250
54200,1.653930072599051,1.4819354838709677,1.0,2.2410344827586206,1.2410344827586206,250
54250,1.659996195056166,1.5080645161290323,1.0,2.278965517241379,1.278965517241379,250
54300,1.6644188881629673,1.5080645161290323,1.0078125,2.278965517241379,1.271153017241379,250
54350,1.6720580386303547,1.5186206896551724,1.0381944444444446,2.278965517241379,1.2407710727969343,250
54400,1.6787561527250559,1.5219047619047619,1.0381944444444446,2.290178571428571,1.2519841269841265,250
54450,1.6849148593908472,1.5186206896551724,1.0426136363636362,2.3041871921182264,1.2615735557545902,250
54500,1.6899300613994888,1.5186206896551724,1.0426136363636362,2.3186576354679804,1.2760439991043442,250
54550,1.6948831446051813,1.5219047619047619,1.0426136363636362,2.3186576354679804,1.2760439991043442,250
54600,1.6987244558541068,1.5219047619047619,1.0381944444444446,2.3186576354679804,1.2804631910235358,250
54650,1.704298332959834,1.5219047619047619,1.0381944444444446,2.3186576354679804,1.2804631910235358,250
54700,1.7131200889379283,1.5419580419580419,1.0426136363636362,2.3186576354679804,1.2760439991043442,250
54750,1.719187802122853,1.5577777777777777,1.0426136363636362,2.3186576354679804,1.2760439991043442,250
54800,1.7264608011918328,1.5577777777777777,1.0526094276094276,2.3041871921182264,1.2515777645087989,250
54850,1.7326065806082844,1.576036866359447,1.0763888888888888,2.3300492610837438,1.253660372194855,250
54900,1.7387672001074461,1.5834260289210234,1.0785256410256412,2.3562068965517238,1.2776812555260826,250
54950,1.7472419588414465,1.5893997445721584,1.085227272727273,2.37448275862069,1.2892554858934169,250
55000,1.7545963070162007,1.5962962962962963,1.0909090909090908,2.37448275862069,1.283573667711599,250
55050,1.7604439845064346,1.6035714285714286,1.0909090909090908,2.37448275862069,1.283573667711599,250
55100,1.767743694532925,1.6107994389901823,1.095108695652174,2.37448275862069,1.2793740629685157,250
55150,1.7754244377876622,1.6107994389901823,1.0958333333333334,2.395238095238095,1.2994047619047617,250
55200,1.7811729249411272,1.613871635610766,1.0958333333333334,2.3982142857142854,1.302380952380952,250
55250,1.786397720069557,1.6079192546583851,1.1166666666666667,2.4,1.2833333333333332,250
55300,1.7940372128526183,1.613871635610766,1.0992063492063493,2.4124999999999996,1.3132936507936503,250
55350,1.8022037915398021,1.638095238095238,1.134090909090909,2.415948275862069,1.28185736677116,250
55400,1.8101377892323898,1.6428571428571428,1.134090909090909,2.4285714285714284,1.2944805194805193,250
55450,1.8163988145530479,1.6475155279503104,1.134090909090909,2.455357142857143,1.3212662337662338,250
55500,1.8220042472071454,1.6428571428571428,1.1363636363636362,2.460283251231527,1.323919614867891,250
55550,1.8289103689540984,1.6475155279503104,1.1363636363636362,2.4720689655172414,1.3357053291536052,250
55600,1.8362062669715984,1.6666666666666665,1.1379870129870129,2.482068965517241,1.3440819525302283,250
55650,1.8426090292198167,1.6666666666666665,1.1379870129870129,2.482068965517241,1.3440819525302283,250
55700,1.848337577398984,1.6666666666666665,1.1379870129870129,2.482068965517241,1.3440819525302283,250
55750,1.8547973314511277,1.6666666666666665,1.1379870129870129,2.482068965517241,1.3440819525302283,250
55800,1.8639292816803403,1.6666666666666665,1.1600000000000001,2.53735632183908,1.37735632183908,250
55850,1.8721432723173785,1.6666666666666665,1.1600000000000001,2.53735632183908,1.37735632183908,250
55900,1.880839701619936,1.6792857142857143,1.1704545454545454,2.551282051282051,1.3808275058275057,250
55950,1.887646720217253,1.6792857142857143,1.1818181818181817,2.572692307692308,1.3908741258741264,250
56000,1.8946603032135176,1.6971428571428573,1.1818181818181817,2.5838859416445623,1.4020677598263807,250
56050,1.900137206765458,1.7000000000000002,1.1818181818181817,2.5838859416445623,1.4020677598263807,250
56100,1.9083863894349256,1.6800000000000002,1.1818181818181817,2.5838859416445623,1.4020677598263807,250
56150,1.9157933289098497,1.6971428571428573,1.1818181818181817,2.5909961685823752,1.4091779867641936,250
56200,1.9212971918167385,1.7295652173913045,1.1818181818181817,2.588675213675214,1.4068570318570321,250
56250,1.9301606643954718,1.7295652173913045,1.1888888888888889,2.5909961685823752,1.4021072796934864,250
56300,1.9367640343638195,1.7445652173913044,1.1826599326599325,2.646551724137931,1.4638917914779985,250
56350,1.943285174611008,1.75,1.1942307692307694,2.6286945812807883,1.4344638120500188,250
56400,1.9495103637002698,1.7801932367149758,1.1942307692307694,2.6286945812807883,1.4344638120500188,250
56450,1.9578322713684948,1.7841614906832297,1.1942307692307694,2.646551724137931,1.4523209549071616,250
56500,1.9667223216537026,1.7841614906832297,1.1942307692307694,2.663793103448276,1.4695623342175064,250
56550,1.9748190729501882,1.7841614906832297,1.199509116409537,2.663793103448276,1.4642839870387387,250
56600,1.9832362003610995,1.788690476190476,1.2194950911640954,2.663793103448276,1.4442980122841804,250
56650,1.9886140825201273,1.7923850574712643,1.198578595317726,2.6839080459770113,1.4853294506592853,250
56700,1.9946979370678017,1.796551724137931,1.198578595317726,2.7023809523809526,1.5038023570632266,250
56750,2.002449290713136,1.8047619047619046,1.2194950911640954,2.706666666666667,1.4871715755025716,250
56800,2.008027674901878,1.8095238095238093,1.2043478260869567,2.715925925925926,1.5115780998389694,250
56850,2.0147667465915706,1.812169312169312,1.2043478260869567,2.715925925925926,1.5115780998389694,250
56900,2.02250826995993,1.8268365817091454,1.213942307692308,2.715925925925926,1.5019836182336181,250
56950,2.0289444796266856,1.8331479421579533,1.213942307692308,2.715925925925926,1.5019836182336181,250
57000,2.036895715706157,1.8424317617866006,1.213942307692308,2.7116402116402116,1.4976979039479037,250
57050,2.044058716373003,1.8424317617866006,1.2330769230769232,2.7116402116402116,1.4785632885632884,250
57100,2.0510726159075845,1.8516483516483517,1.2330769230769232,2.7116402116402116,1.4785632885632884,250
57150,2.059403543859941,1.8792270531400965,1.2400000000000002,2.7116402116402116,1.4716402116402114,250
57200,2.0669231022190817,1.8964285714285714,1.2473076923076925,2.734126984126984,1.4868192918192917,250
57250,2.0735461007537968,1.8875,1.2829166666666665,2.734126984126984,1.4512103174603177,250
57300,2.0827284782039404,1.8875,1.294836956521739,2.7837301587301586,1.4888932022084196,250
57350,2.088062346117484,1.8964285714285714,1.294836956521739,2.7837301587301586,1.4888932022084196,250
57400,2.0980886189096797,1.8964285714285714,1.2945075757575757,2.791256157635468,1.4967485818778923,250
57450,2.103407835335612,1.8982758620689655,1.3033596837944665,2.791256157635468,1.4878964738410014,250
57500,2.1097860105038464,1.9155172413793102,1.3033596837944665,2.791256157635468,1.4878964738410014,250
57550,2.116667395310372,1.9437781109445276,1.3051839464882944,2.793103448275862,1.4879195017875677,250
57600,2.1223876564021085,1.9298029556650245,1.3051839464882944,2.791256157635468,1.4860722111471736,250
57650,2.1304378650930738,1.9425465838509315,1.3051839464882944,2.8272113943028483,1.522027447814554,250
57700,2.139965438715536,1.9649014778325125,1.3186363636363638,2.8528571428571428,1.534220779220779,250
57750,2.1488235174264156,1.9655172413793105,1.3269565217391304,2.8651368760064413,1.538180354267311,250
57800,2.1568352052228237,1.9848484848484849,1.3269565217391304,2.877391304347826,1.5504347826086955,250
57850,2.1640215707080652,2.0,1.3495792426367463,2.877391304347826,1.5278120617110795,250
57900,2.1706123822345487,2.0,1.3599999999999999,2.877391304347826,1.517391304347826,250
57950,2.176946440846688,2.0,1.3609090909090908,2.877391304347826,1.516482213438735,250
58000,2.185362396163632,2.015151515151515,1.3609090909090908,2.877391304347826,1.516482213438735,250
58050,2.192882324480847,2.0172413793103448,1.3636363636363638,2.8866666666666667,1.523030303030303,250
58100,2.2033166372190562,2.0350985221674875,1.3636363636363638,2.8866666666666667,1.523030303030303,250
58150,2.20880524170899,2.0395962732919255,1.368881118881119,2.8866666666666667,1.5177855477855478,250
58200,2.2174557169772147,2.0562218890554727,1.368881118881119,2.888888888888889,1.5200077700077699,250
58250,2.2252198068199696,2.0562218890554727,1.3846153846153846,2.888888888888889,1.5042735042735043,250
58300,2.231487519504586,2.0689655172413794,1.3884615384615384,2.9145299145299144,1.526068376068376,250
58350,2.239598425634127,2.0689655172413794,1.3884615384615384,2.9145299145299144,1.526068376068376,250
58400,2.2482483190789573,2.0689655172413794,1.3884615384615384,2.9252136752136755,1.536752136752137,250
58450,2.2551654838573265,2.0744827586206895,1.4057692307692307,2.950231481481482,1.5444622507122512,250
58500,2.2639433785926046,2.0834782608695654,1.4233682983682983,2.9583333333333335,1.5349650349650352,250
58550,2.273018664513698,2.0834782608695654,1.4233682983682983,2.9903846153846154,1.5670163170163172,250
58600,2.2825374873239372,2.0834782608695654,1.4360869565217391,3.0,1.5639130434782609,250
58650,2.2912603383463144,2.0952023988005997,1.439723320158103,3.0,1.560276679841897,250
58700,2.298288531545121,2.105295566502463,1.4562937062937062,3.0,1.5437062937062938,250
58750,2.3062287376977704,2.10727969348659,1.4661538461538464,3.03125,1.5650961538461536,250
58800,2.3140350849633653,2.10727969348659,1.4812121212121212,3.0729166666666665,1.5917045454545453,250
58850,2.322622314320993,2.109126984126984,1.4849999999999999,3.041666666666667,1.556666666666667,250
58900,2.328833817476447,2.1132478632478633,1.4849999999999999,3.041666666666667,1.556666666666667,250
58950,2.3364093384064866,2.117692307692308,1.478695652173913,3.083333333333333,1.60463768115942,250
59000,2.3422074279113585,2.125217391304348,1.478695652173913,3.083333333333333,1.60463768115942,250
59050,2.3512215952546334,2.125217391304348,1.4812121212121212,3.0860507246376816,1.6048386034255604,250
59100,2.359168161529077,2.125217391304348,1.4886363636363638,3.115,1.6263636363636365,250
59150,2.3689630705827547,2.1366459627329193,1.505,3.152608695652174,1.647608695652174,250
59200,2.3756108539511214,2.136923076923077,1.5254166666666666,3.152608695652174,1.6271920289855073,250
59250,2.3830422016944905,2.1569230769230767,1.5426136363636362,3.152608695652174,1.6099950592885377,250
59300,2.3917380294826045,2.1762422360248443,1.5426136363636362,3.1575,1.614886363636364,250
59350,2.4015601703769534,2.1785714285714284,1.5454545454545454,3.1575,1.6120454545454548,250
59400,2.408539219624757,2.1785714285714284,1.5454545454545454,3.1575,1.6120454545454548,250
59450,2.41621079281407,2.1961538461538463,1.5454545454545454,3.1875,1.6420454545454546,250
59500,2.423654985300742,2.2,1.5454545454545454,3.2,1.6545454545454548,250
59550,2.432940232662352,2.2,1.549090909090909,3.2,1.650909090909091,250
59600,2.4389502785010855,2.2,1.560625,3.2,1.6393750000000002,250
59650,2.449111869018731,2.2271428571428573,1.5642307692307693,3.2451923076923075,1.6809615384615382,250
59700,2.4592502792534203,2.2271428571428573,1.5642307692307693,3.2451923076923075,1.6809615384615382,250
59750,2.467446888835557,2.2553050397877983,1.6015625,3.2475,1.6459375,250
59800,2.474472729862036,2.2746153846153847,1.6015625,3.25,1.6484375,250
59850,2.483446884485888,2.28,1.6159274193548385,3.25,1.6340725806451615,250
59900,2.4927597985750163,2.28,1.6196774193548387,3.293269230769231,1.6735918114143922,250
59950,2.5008485577681103,2.2746153846153847,1.6466666666666667,3.33,1.6833333333333333,250
60000,2.5083312411743526,2.282857142857143,1.6412903225806452,3.33,1.6887096774193548,250
60050,2.518236740986736,2.3007142857142857,1.6466666666666667,3.33,1.6833333333333333,250
60100,2.527534300230831,2.3007142857142857,1.6466666666666667,3.3746428571428577,1.727976190476191,250
60150,2.537030602073105,2.3214285714285716,1.6500000000000001,3.390344827586207,1.7403448275862068,250
60200,2.5425613680206247,2.3290854572713644,1.6603846153846153,3.4025000000000003,1.742115384615385,250
60250,2.551938536622768,2.347826086956522,1.6603846153846153,3.4025000000000003,1.742115384615385,250
60300,2.559499546120815,2.3524844720496896,1.6963141025641026,3.399456521739131,1.7031424191750282,250
60350,2.5676969424573928,2.3524844720496896,1.6963141025641026,3.430253623188406,1.7339395206243036,250
60400,2.5746679559375494,2.3524844720496896,1.6951566951566952,3.4523809523809526,1.7572242572242573,250
60450,2.5828875977238406,2.3524844720496896,1.7086693548387097,3.455818965517241,1.7471496106785314,250
60500,2.5934059781695824,2.370879120879121,1.7086693548387097,3.462068965517241,1.7533996106785315,250
60550,2.60034002801558,2.3887362637362637,1.7149503722084365,3.466235632183908,1.7512852599754716,250
60600,2.6080588300562186,2.3964285714285714,1.728146853146853,3.466235632183908,1.7380887790370552,250
60650,2.615464400308728,2.3964285714285714,1.728146853146853,3.466235632183908,1.7380887790370552,250
60700,2.6222695122740487,2.406896551724138,1.7355769230769231,3.466235632183908,1.730658709106985,250
60750,2.6326613669283323,2.3833333333333333,1.7525,3.474568965517241,1.722068965517241,250
60800,2.6430383932879504,2.4,1.7623076923076921,3.474568965517241,1.7122612732095488,250
60850,2.652122520795252,2.406896551724138,1.770104895104895,3.476652298850574,1.7065474037456791,250
60900,2.662330697950078,2.4235632183908047,1.770104895104895,3.458333333333333,1.688228438228438,250
60950,2.6735711852493798,2.4235632183908047,1.7888257575757578,3.5208333333333335,1.7320075757575757,250
61000,2.683592868446646,2.4309523809523808,1.8031249999999999,3.53125,1.7281250000000001,250
61050,2.6914752147509566,2.4309523809523808,1.8139204545454546,3.53125,1.7173295454545454,250
61100,2.700922056040527,2.414285714285714,1.8139204545454546,3.5479166666666666,1.733996212121212,250
61150,2.709352674658371,2.4226190476190474,1.8109374999999999,3.5479166666666666,1.7369791666666667,250
61200,2.717136840735081,2.444137931034483,1.8409375,3.5479166666666666,1.7069791666666667,250
61250,2.7238002080763764,2.444137931034483,1.8409375,3.5479166666666666,1.7069791666666667,250
61300,2.730736602354966,2.470769230769231,1.8409375,3.5479166666666666,1.7069791666666667,250
61350,2.7389205506716063,2.470769230769231,1.8409375,3.5701923076923077,1.7292548076923078,250
61400,2.7506067719417535,2.4819354838709677,1.8409375,3.612980769230769,1.7720432692307693,250
61450,2.759983089457499,2.49,1.8533653846153846,3.612980769230769,1.7596153846153846,250
61500,2.7698109342582247,2.5,1.8790909090909091,3.612980769230769,1.73388986013986,250
61550,2.7769386060340757,2.508064516129032,1.881153846153846,3.6225961538461537,1.7414423076923078,250
61600,2.786427490464661,2.5166852057842046,1.8872727272727272,3.641346153846154,1.7540734265734268,250
61650,2.7945520339549588,2.5166852057842046,1.8872727272727272,3.653846153846154,1.766573426573427,250
61700,2.8059568168541538,2.54502688172043,1.9133540372670808,3.6947115384615383,1.7813575011944576,250
61750,2.8151028471624766,2.555862068965517,1.9133540372670808,3.704326923076923,1.7909728858098422,250
61800,2.8241467107429115,2.555862068965517,1.9133540372670808,3.704326923076923,1.7909728858098422,250
61850,2.833538071786124,2.5633333333333335,1.9133540372670808,3.704326923076923,1.7909728858098422,250
61900,2.842372883496706,2.566666666666667,1.9133540372670808,3.7161803713527854,1.8028263340857047,250
61950,2.852283018370601,2.591666666666667,1.9157142857142855,3.739583333333333,1.8238690476190476,250
62000,2.85823340280855,2.591666666666667,1.8885714285714283,3.7424999999999997,1.8539285714285714,250
62050,2.8677538643489693,2.6,1.8885714285714283,3.7575,1.8689285714285715,250
62100,2.8783325000786144,2.6231182795698924,1.8885714285714283,3.7575,1.8689285714285715,250
62150,2.889505067838619,2.642857142857143,1.8885714285714283,3.7860576923076925,1.8974862637362642,250
62200,2.8990444283568313,2.642857142857143,1.8885714285714283,3.820689655172414,1.9321182266009855,250
62250,2.9066883610802976,2.649014778325123,1.926098901098901,3.820689655172414,1.894590754073513,250
62300,2.9142951364231675,2.649014778325123,1.9475274725274727,3.8249999999999997,1.877472527472527,250
62350,2.9252084173349306,2.6551724137931036,1.9475274725274727,3.8303571428571423,1.8828296703296696,250
62400,2.9354441793630874,2.666871921182266,1.9785714285714286,3.8528571428571423,1.8742857142857137,250
62450,2.948277834577139,2.6841133004926108,1.975,3.854395604395604,1.879395604395604,250
62500,2.9586660032882683,2.7119815668202767,1.975,3.8705357142857144,1.8955357142857143,250
62550,2.9683703021208494,2.7142857142857144,2.0,3.8883928571428577,1.8883928571428577,250
62600,2.9788498569190742,2.7241379310344827,1.975,3.8896428571428574,1.9146428571428573,250
62650,2.987579726519182,2.7241379310344827,1.975,3.925595238095238,1.950595238095238,250
62700,2.9971421356739665,2.7241379310344827,2.031043956043956,3.925595238095238,1.8945512820512822,250
62750,3.005740071189382,2.7192118226600988,2.038846153846154,3.9541379310344826,1.9152917771883287,250
62800,3.0135461859551853,2.7192118226600988,2.0364010989010985,3.963721264367816,1.9273201654667176,250
62850,3.023764723263518,2.736352357320099,2.0364010989010985,3.963721264367816,1.9273201654667176,250
62900,3.033497828768263,2.7543103448275863,2.0364010989010985,3.9913793103448274,1.9549782114437289,250
62950,3.0440032318357604,2.7666666666666666,2.0460164835164836,4.0,1.9539835164835164,250
63000,3.0501805139745715,2.7666666666666666,2.0460164835164836,4.0,1.9539835164835164,250
63050,3.0597018417917132,2.789408866995074,2.072802197802198,4.026785714285714,1.9539835164835164,250
63100,3.068914255232004,2.8038461538461537,2.0791208791208793,4.03125,1.9521291208791207,250
63150,3.077510319373675,2.8145604395604398,2.0717032967032964,4.0621921182266005,1.990488821523304,250
63200,3.0904458876535585,2.8237577639751557,2.0717032967032964,4.063571428571429,1.9918681318681322,250
63250,3.0987592226964336,2.8331479421579533,2.0931318681318682,4.080357142857142,1.987225274725274,250
63300,3.1080092639893957,2.8485714285714288,2.0931318681318682,4.107857142857143,2.014725274725275,250
63350,3.1180826593415536,2.8485714285714288,2.0931318681318682,4.12375,2.030618131868132,250
63400,3.1282768039138444,2.8485714285714288,2.0931318681318682,4.12375,2.030618131868132,250
63450,3.1375354994041,2.847926267281106,2.1145604395604396,4.155,2.0404395604395607,250
63500,3.1478228514696145,2.8837597330367073,2.0931318681318682,4.155,2.061868131868132,250
63550,3.1595987683295226,2.896551724137931,2.0931318681318682,4.134698275862069,2.041566407730201,250
63600,3.169171262742763,2.9125615763546797,2.097027972027972,4.134698275862069,2.0376703038340973,250
63650,3.1788465471974763,2.9125615763546797,2.1134615384615385,4.134698275862069,2.021236737400531,250
63700,3.1895164039400896,2.9125615763546797,2.10625,4.133448275862069,2.0271982758620686,250
63750,3.1983191037586076,2.926536731634183,2.127083333333333,4.133448275862069,2.0063649425287355,250
63800,3.2086450982942782,2.9425465838509313,2.127083333333333,4.169310344827586,2.042227011494253,250
63850,3.219466995001872,2.944285714285714,2.10625,4.195172413793103,2.088922413793103,250
63900,3.226573414809376,2.944285714285714,2.1439393939393936,4.22103448275862,2.0770950888192266,250
63950,3.236941830603627,2.944285714285714,2.1439393939393936,4.22103448275862,2.0770950888192266,250
64000,3.2423379465997804,2.944285714285714,2.1704545454545454,4.241034482758621,2.070579937304075,250
64050,3.2525844826571375,2.9654761904761906,2.1963141025641026,4.279094827586207,2.0827807250221047,250
64100,3.2615241215065462,2.967204301075269,2.1963141025641026,4.279094827586207,2.0827807250221047,250
64150,3.2715159734124164,2.967204301075269,2.1805555555555554,4.310344827586206,2.129789272030651,250
64200,3.282298252512319,3.017857142857143,2.199786324786325,4.336822660098521,2.1370363353121964,250
64250,3.2921352556011123,3.0345238095238094,2.2234848484848486,4.345443349753694,2.1219585012688453,250
64300,3.3023560203195514,3.0345238095238094,2.2304545454545455,4.372229064039409,2.141774518584864,250
64350,3.3098638365728568,3.0345238095238094,2.2234848484848486,4.390086206896552,2.166601358411703,250
64400,3.321916776082256,3.0489247311827956,2.228146853146853,4.429956896551724,2.2018100434048713,250
64450,3.3316489813812638,3.065591397849462,2.25,4.429956896551724,2.179956896551724,250
64500,3.3396729823128597,3.065591397849462,2.25,4.469827586206897,2.219827586206897,250
64550,3.350327602201426,3.0679723502304146,2.25,4.443041871921182,2.1930418719211824,250
64600,3.3617443651773,3.0857142857142854,2.2722355769230766,4.47814039408867,2.2059048171655933,250
64650,3.3719282484837696,3.084101382488479,2.2733516483516483,4.47814039408867,2.2047887457370217,250
64700,3.3843404216992465,3.103571428571428,2.2937499999999997,4.495689655172414,2.201939655172414,250
64750,3.3956904939447523,3.1334816462736375,2.308894230769231,4.495689655172414,2.186795424403183,250
64800,3.4060408152503547,3.131182795698925,2.310314685314685,4.495689655172414,2.1853749698577287,250
64850,3.4197045437566898,3.146666666666667,2.3181818181818183,4.522475369458128,2.2042935512763098,250
64900,3.4325022231746165,3.1606451612903226,2.2982954545454546,4.547721674876847,2.2494262203313924,250
64950,3.4407948629843856,3.1606451612903226,2.2982954545454546,4.547721674876847,2.2494262203313924,250
65000,3.451408809252139,3.1731634182908546,2.3219696969696972,4.573583743842365,2.2516140468726675,250
65050,3.4640852423058366,3.1754926108374386,2.3219696969696972,4.6600985221674875,2.3381288251977903,250
65100,3.4750375083052023,3.186147186147186,2.325268817204301,4.669027093596059,2.3437582763917577,250
65150,3.4848427860889633,3.1731634182908546,2.325268817204301,4.669027093596059,2.3437582763917577,250
65200,3.492370631154612,3.1920122887864824,2.340909090909091,4.67795566502463,2.337046574115539,250
65250,3.5053948313658645,3.210591133004926,2.3903225806451616,4.672721674876847,2.2823990942316854,250
65300,3.5146521179451122,3.212143928035982,2.4,4.699507389162561,2.2995073891625615,250
65350,3.528373244076648,3.236074270557029,2.4022727272727273,4.726293103448276,2.3240203761755485,250
65400,3.538149448452283,3.236074270557029,2.3903225806451616,4.699507389162561,2.3091848085174,250
65450,3.5503704160891547,3.233592880978865,2.404166666666667,4.675595238095238,2.2714285714285714,250
65500,3.5618108701702513,3.2497219132369297,2.4208333333333334,4.726648351648352,2.305815018315019,250
65550,3.572059210389061,3.2669632925472745,2.4208333333333334,4.7451923076923075,2.324358974358974,250
65600,3.581311089030479,3.2807881773399012,2.4196428571428568,4.764423076923077,2.34478021978022,250
65650,3.5923137655139543,3.2996794871794872,2.4523460410557183,4.793269230769231,2.3409231897135125,250
65700,3.603283032717642,3.2980072463768115,2.4197214076246336,4.822115384615384,2.4023939769907505,250
65750,3.613149274485205,3.306020066889632,2.4429032258064516,4.849655172413793,2.4067519466073413,250
65800,3.62534394839029,3.3076923076923075,2.4460714285714285,4.819655172413793,2.373583743842364,250
65850,3.637209519926366,3.327380952380952,2.4460714285714285,4.828275862068965,2.3822044334975367,250
65900,3.646714397271038,3.3397435897435894,2.4812121212121214,4.835357142857143,2.3541450216450217,250
65950,3.65831290259147,3.346153846153846,2.4886363636363638,4.8653571428571425,2.3767207792207787,250
66000,3.667867132327042,3.346153846153846,2.4886363636363638,4.87551724137931,2.386880877742946,250
66050,3.679025255654302,3.3548951048951046,2.4886363636363638,4.892413793103448,2.4037774294670844,250
66100,3.6871626400961306,3.3693181818181817,2.4886363636363638,4.914137931034483,2.425501567398119,250
66150,3.698163825697474,3.3693181818181817,2.4886363636363638,4.951153846153846,2.4625174825174825,250
66200,3.7100482948329128,3.3693181818181817,2.4886363636363638,4.961153846153846,2.4725174825174823,250
66250,3.719203904460177,3.374125874125874,2.5163636363636366,4.961153846153846,2.4447902097902094,250
66300,3.731719899351853,3.384615384615385,2.505,4.99,2.4850000000000003,250
66350,3.7426226303706716,3.396853146853147,2.505,4.965209359605911,2.460209359605911,250
66400,3.7545665566437867,3.406593406593407,2.5233333333333334,4.991071428571429,2.4677380952380954,250
66450,3.7654529198354414,3.425824175824176,2.5316666666666667,5.0,2.4683333333333333,250
66500,3.780464358916833,3.441529235382309,2.54,5.0,2.46,250
66550,3.7942090710784844,3.441529235382309,2.5700000000000003,5.0,2.4299999999999997,250
66600,3.803229384078624,3.4682971014492754,2.6,5.028846153846153,2.428846153846153,250
66650,3.8150485911360175,3.4913793103448274,2.6,5.037466843501326,2.437466843501326,250
66700,3.826873732708671,3.5,2.6,5.066620879120879,2.4666208791208786,250
66750,3.836314302430221,3.5275362318840577,2.6015151515151516,5.038928571428571,2.43741341991342,250
66800,3.8479350206427205,3.5541666666666667,2.6015151515151516,5.0975985221674875,2.496083370652336,250
66850,3.8563316362891547,3.565942028985507,2.6015151515151516,5.100357142857143,2.4988419913419913,250
66900,3.8654399263010935,3.5683229813664594,2.6,5.100357142857143,2.5003571428571427,250
66950,3.8758701551668593,3.571428571428571,2.6,5.173928571428572,2.573928571428572,250
67000,3.889120812634005,3.587121212121212,2.6,5.173928571428572,2.573928571428572,250
67050,3.9030322097226726,3.599358974358974,2.637272727272727,5.188873626373627,2.5516008991008996,250
67100,3.913336164237319,3.6180371352785143,2.64,5.17239010989011,2.5323901098901103,250
67150,3.928309488601026,3.6337792642140467,2.640714285714286,5.17239010989011,2.5316758241758244,250
67200,3.940897943796369,3.660919540229885,2.6456043956043955,5.21771978021978,2.5721153846153846,250
67250,3.951833444770211,3.704968944099379,2.6456043956043955,5.237692307692308,2.5920879120879126,250
67300,3.9633278139003134,3.7142857142857144,2.678928571428571,5.237692307692308,2.558763736263737,250
67350,3.972906301773332,3.7142857142857144,2.6804545454545456,5.2451923076923075,2.564737762237762,250
67400,3.9869430723059422,3.7142857142857144,2.6856060606060606,5.2554945054945055,2.569888444888445,250
67450,3.999758110903806,3.7267080745341614,2.7157142857142857,5.284340659340659,2.568626373626373,250
67500,4.00868002917107,3.7435064935064934,2.727272727272727,5.295506912442396,2.568234185169669,250
67550,4.020318236043591,3.7613636363636362,2.727272727272727,5.289170506912442,2.561897779639715,250
67600,4.0335157988957455,3.720779220779221,2.727272727272727,5.361378205128205,2.634105477855478,250
67650,4.044778637081077,3.733201581027668,2.727272727272727,5.361378205128205,2.634105477855478,250
67700,4.057276882242799,3.733201581027668,2.728146853146853,5.368818681318682,2.6406718281718287,250
67750,4.066885935528032,3.7391304347826084,2.733560794044665,5.3948732718894,2.6613124778447355,250
67800,4.0777748565200636,3.7559288537549405,2.733560794044665,5.419540229885057,2.6859794358403923,250
67850,4.090018425193261,3.7559288537549405,2.7464516129032255,5.419540229885057,2.6730886169818318,250
67900,4.099325910262791,3.777667984189723,2.7464516129032255,5.429956896551724,2.6835052836484987,250
67950,4.109804714526399,3.7829153605015673,2.7628571428571425,5.4279953917050685,2.665138248847926,250
68000,4.120790890276239,3.7829153605015673,2.7628571428571425,5.445852534562212,2.6829953917050693,250
68050,4.130647312387246,3.7928571428571427,2.777073732718894,5.445852534562212,2.6687788018433176,250
68100,4.144107717936318,3.8095238095238093,2.790909090909091,5.445852534562212,2.6549434436531207,250
68150,4.156831369735257,3.8095238095238093,2.8,5.445852534562212,2.645852534562212,250
68200,4.168854873156766,3.827380952380952,2.8,5.47814039408867,2.67814039408867,250
68250,4.181761550212195,3.827380952380952,2.8019230769230767,5.491071428571429,2.689148351648352,250
68300,4.1916239967503355,3.827380952380952,2.810314685314685,5.504002463054188,2.6936877777395027,250
68350,4.201544383681072,3.829710144927536,2.8251748251748254,5.512096774193549,2.6869219490187235,250
68400,4.211367089594967,3.86038961038961,2.8251748251748254,5.536290322580646,2.7111154974058205,250
68450,4.224887026147222,3.8681159420289855,2.8543123543123543,5.545218894009217,2.6909065396968628,250
68500,4.236450768977142,3.8898550724637677,2.8543123543123543,5.59946949602122,2.7451571417088654,250
68550,4.249156987219421,3.9165217391304346,2.861888111888112,5.608090185676392,2.74620207378828,250
68600,4.259450552285561,3.9165217391304346,2.850524475524476,5.619363395225464,2.768838919700988,250
68650,4.272503001141981,3.9165217391304346,2.88,5.637717121588089,2.7577171215880893,250
68700,4.286770315572443,3.9165217391304346,2.88,5.645225464190981,2.765225464190981,250
68750,4.299083940655168,3.9165217391304346,2.9545454545454546,5.6807029177718835,2.726157463226429,250
68800,4.31338120315434,3.927055702917772,2.9545454545454546,5.6710875331564985,2.716542078611044,250
68850,4.326802988464573,3.957427536231884,2.9318181818181817,5.68103448275862,2.7492163009404385,250
68900,4.341423897573788,3.980769230769231,2.9318181818181817,5.741379310344827,2.8095611285266457,250
68950,4.357978365723275,3.952991452991453,2.975806451612903,5.741379310344827,2.7655728587319244,250
69000,4.369637974952609,3.9654761904761906,2.975806451612903,5.747536945812808,2.771730494199905,250
69050,4.386650984249649,4.0,3.007142857142857,5.770300333704116,2.7631574765612585,250
69100,4.400921927156287,4.017241379310345,3.0142857142857142,5.782834101382488,2.768548387096774,250
69150,4.414307658668542,4.021739130434783,3.0483766233766234,5.809619815668203,2.7612431922915794,250
69200,4.428504570189065,4.0344827586206895,3.0483766233766234,5.844470046082949,2.796093422706326,250
69250,4.439713495145328,4.085144927536232,3.058008658008658,5.871255760368664,2.813247102360006,250
69300,4.452338707462469,4.088932806324111,3.058008658008658,5.8481646273637375,2.7901559693550797,250
69350,4.465653477826771,4.1187888198757765,3.0668831168831168,5.862068965517241,2.7951858486341243,250
69400,4.475929847833976,4.142857142857143,3.050757575757576,5.8687430478309235,2.8179854720733477,250
69450,4.488912467823618,4.142857142857143,3.0870129870129865,5.89293659621802,2.805923609205033,250
69500,4.502768893953613,4.166666666666667,3.090909090909091,5.901557285873192,2.8106481949641013,250
69550,4.5130661362001705,4.172161172161172,3.089285714285714,5.956575682382134,2.86728996809642,250
69600,4.526931658542026,4.182194616977226,3.1179723502304144,5.980769230769231,2.8627968805388164,250
69650,4.5398750465682935,4.182194616977226,3.1198051948051946,5.982758620689655,2.8629534258844602,250
69700,4.551712889862569,4.186147186147187,3.1363636363636367,5.982758620689655,2.846394984326018,250
69750,4.56345930056418,4.229020979020979,3.145750988142293,5.982758620689655,2.837007632547362,250
69800,4.5772652368077775,4.245819397993311,3.137987012987013,5.991379310344827,2.8533922973578143,250
69850,4.590515154103315,4.255434782608695,3.124090909090909,6.0,2.875909090909091,250
69900,4.602597508474339,4.295031055900621,3.125,6.025862068965517,2.900862068965517,250
69950,4.6174034000551885,4.277472527472527,3.1422727272727276,6.089822024471635,2.9475492971989077,250
70000,4.629641924908847,4.295031055900621,3.1422727272727276,6.089822024471635,2.9475492971989077,250
70050,4.64339967292447,4.301948051948052,3.1422727272727276,6.138209121245828,2.9959363939731007,250
70100,4.65535978470098,4.301948051948052,3.155384615384616,6.171023359288098,3.015638743903482,250
70150,4.671366543250039,4.325757575757576,3.179383116883117,6.171023359288098,2.991640242404981,250
70200,4.684479996659509,4.35632183908046,3.2207357859531776,6.1796440489432705,2.958908262990093,250
70250,4.69675077202335,4.378571428571428,3.2230434782608697,6.171023359288098,2.947979881027228,250
70300,4.710637715377868,4.404761904761905,3.2470355731225293,6.171023359288098,2.9239877861655685,250
70350,4.722689728382313,4.4107142857142865,3.2527173913043477,6.219410456062292,2.966693064757944,250
70400,4.734165297890124,4.4226190476190474,3.2527173913043477,6.2280311457174635,2.975313754413116,250
70450,4.748317586307784,4.431677018633541,3.2623188405797103,6.236651835372636,2.974332994792926,250
70500,4.761154294449373,4.447619047619048,3.268181818181818,6.2280311457174635,2.9598493275356454,250
70550,4.77687895411089,4.453333333333333,3.27,6.232009925558312,2.9620099255583123,250
70600,4.791377157151429,4.444137931034483,3.285757575757576,6.236651835372636,2.95089425961506,250
70650,4.805545782492407,4.46547619047619,3.303359683794466,6.2658188585607935,2.9624591747663276,250
70700,4.818468291419097,4.473333333333334,3.300757575757576,6.2658188585607935,2.9650612828032177,250
70750,4.836364685479934,4.473333333333334,3.300757575757576,6.269466073414906,2.96870849765733,250
70800,4.848790284317347,4.483333333333333,3.303359683794466,6.28670745272525,2.983347768930784,250
70850,4.860751507341619,4.495238095238095,3.303359683794466,6.310901001112347,3.007541317317881,250
70900,4.873584217674327,4.552380952380952,3.3115942028985503,6.310901001112347,2.9993067982137966,250
70950,4.886905843388851,4.552380952380952,3.3233333333333333,6.39210233592881,3.0687690025954764,250
71000,4.899542730618765,4.569047619047619,3.333333333333333,6.416295884315907,3.0829625509825735,250
71050,4.913873489923995,4.58768115942029,3.3416666666666663,6.39210233592881,3.0504356692621433,250
71100,4.925708037901622,4.604347826086956,3.3478260869565215,6.39210233592881,3.044276248972288,250
71150,4.942149245877663,4.6125,3.3478260869565215,6.39210233592881,3.044276248972288,250
71200,4.95502848248603,4.626086956521739,3.3790760869565215,6.424916573971078,3.045840487014557,250
71250,4.968997623377344,4.642753623188407,3.4333333333333336,6.449110122358175,3.0157767890248417,250
71300,4.985191372440138,4.647515527950311,3.404166666666667,6.457730812013348,3.053564145346681,250
71350,4.998781477323573,4.647515527950311,3.404166666666667,6.490545050055617,3.0863783833889507,250
71400,5.0118323356501335,4.659420289855072,3.404166666666667,6.514738598442714,3.1105719317760476,250
71450,5.024870509945967,4.674242424242424,3.4445833333333336,6.530311457174639,3.0857281238413052,250
71500,5.038946080801681,4.693979933110368,3.465909090909091,6.57174638487208,3.1058372939629892,250
71550,5.0541031214068735,4.697826086956522,3.465909090909091,6.595939933259177,3.130030842350086,250
71600,5.0679835084189655,4.697826086956522,3.4850000000000003,6.628754171301447,3.1437541713014463,250
71650,5.083237992499453,4.712068965517242,3.4850000000000003,6.652947719688543,3.1679477196885424,250
71700,5.096058384166312,4.713636363636364,3.4954166666666673,6.668520578420467,3.1731039117538,250
71750,5.1097506365382745,4.7303030303030305,3.5254166666666666,6.7013546798029555,3.175938013136289,250
71800,5.123666332627912,4.754310344827586,3.5358333333333327,6.705818965517242,3.1699856321839093,250
71850,5.1370048672505275,4.759310344827586,3.565833333333333,6.745689655172414,3.1798563218390807,250
71900,5.147221175593489,4.759310344827586,3.565833333333333,6.714439655172414,3.1486063218390807,250
71950,5.164926267628782,4.764615384615384,3.57625,6.714439655172414,3.1381896551724138,250
72000,5.181304132510253,4.777472527472527,3.57625,6.800480769230769,3.2242307692307692,250
72050,5.193281717771067,4.767857142857142,3.5974999999999997,6.792642140468228,3.1951421404682283,250
72100,5.205794812305934,4.776190476190476,3.641666666666667,6.825250836120402,3.183584169453735,250
72150,5.223268275654138,4.792857142857143,3.641666666666667,6.815635451505017,3.1739687848383498,250
72200,5.238905617471974,4.822884012539185,3.666666666666667,6.825250836120402,3.158584169453735,250
72250,5.255212276709477,4.822884012539185,3.666666666666667,6.922413793103448,3.2557471264367814,250
72300,5.27114448669504,4.859605911330049,3.6730769230769234,6.931034482758621,3.2579575596816976,250
72350,5.28926224613932,4.862852664576803,3.7112499999999997,6.939655172413794,3.228405172413794,250
72400,5.303429588399296,4.864367816091954,3.7218181818181817,6.9722638680659665,3.250445686247785,250
72450,5.317172538863359,4.904545454545454,3.724782608695652,6.951923076923077,3.2271404682274247,250
72500,5.332212211239082,4.904545454545454,3.7443478260869565,6.989505247376311,3.2451574212893544,250
72550,5.347814294244521,4.911067193675889,3.7443478260869565,7.00376254180602,3.259414715719063,250
72600,5.364196869828385,4.954451345755693,3.7443478260869565,7.00376254180602,3.259414715719063,250
72650,5.3791327975205405,4.954451345755693,3.7656521739130433,7.00376254180602,3.2381103678929763,250
72700,5.393572337212557,4.958260869565217,3.7656521739130433,7.00376254180602,3.2381103678929763,250
72750,5.403391507264789,4.9397993311036785,3.7656521739130433,7.00376254180602,3.2381103678929763,250
72800,5.418539648629561,4.958260869565217,3.7725752508361206,7.006746626686656,3.2341713758505355,250
72850,5.43292089473295,4.96076923076923,3.776923076923077,7.047976011994003,3.2710529350709265,250
72900,5.446789590571225,4.96076923076923,3.8045454545454547,7.115067466266867,3.310522011721412,250
72950,5.4615051957904655,4.962142857142857,3.820158102766799,7.180284857571214,3.3601267548044156,250
73000,5.4743679899870505,4.982142857142858,3.840909090909091,7.180284857571214,3.3393757666621235,250
73050,5.490041012971629,5.037087912087912,3.8522727272727275,7.188905547226387,3.3366328199536595,250
73100,5.508272787555082,5.058441558441558,3.879090909090909,7.2219827586206895,3.3428918495297806,250
73150,5.526754018021727,5.0952023988006,3.887272727272727,7.236799568965518,3.3495268416927906,250
73200,5.543170508987039,5.109416445623342,3.9022727272727273,7.236799568965518,3.3345268416927905,250
73250,5.560010840806015,5.103146853146853,3.911818181818182,7.260237068965518,3.3484188871473357,250
73300,5.575584055332924,5.112121212121212,3.9233333333333333,7.298491379310345,3.375158045977012,250
73350,5.589169297895137,5.118390804597702,3.9286363636363637,7.316184649610678,3.3875482859743142,250
73400,5.608006021981648,5.140394088669951,3.9286363636363637,7.319340329835083,3.3907039661987195,250
73450,5.626413710582891,5.1277890466531435,3.9431818181818183,7.3391702586206895,3.395988440438871,250
73500,5.641999309284454,5.154761904761905,3.954545454545454,7.3391702586206895,3.3846248040752354,250
73550,5.657850265255881,5.157635467980295,3.9559090909090906,7.324728260869565,3.368819169960475,250
73600,5.672570499503639,5.172413793103448,3.96,7.379849137931035,3.4198491379310347,250
73650,5.68760532037051,5.198686371100164,3.9722222222222223,7.415081521739131,3.4428592995169085,250
73700,5.701876779767155,5.198686371100164,4.0,7.4259510869565215,3.4259510869565215,250
73750,5.714519728715947,5.203448275862069,4.0,7.509116409537167,3.5091164095371674,250
73800,5.730900281282621,5.21455938697318,4.008333333333333,7.521739130434783,3.5134057971014503,250
73850,5.745265338485247,5.276819923371647,4.0092592592592595,7.544179523141654,3.5349202638823947,250
73900,5.762397194901303,5.276819923371647,4.042727272727273,7.592566619915848,3.549839347188575,250
73950,5.774434044155978,5.276819923371647,4.017857142857142,7.592566619915848,3.574709477058706,250
74000,5.787380915452958,5.310344827586207,4.017857142857142,7.617624223602485,3.599767080745343,250
74050,5.80274046421349,5.32183908045977,4.017857142857142,7.606754658385094,3.588897515527951,250
74100,5.817424597840027,5.363095238095238,4.036785714285714,7.612376847290641,3.5755911330049264,250
74150,5.83388367786077,5.355519480519481,4.046785714285714,7.612376847290641,3.5655911330049266,250
74200,5.848546017590496,5.424137931034483,4.05,7.639363354037267,3.5893633540372676,250
74250,5.867812693049328,5.444137931034483,4.05,7.6770186335403725,3.6270186335403727,250
74300,5.883625168251764,5.444137931034483,4.05,7.697755960729313,3.647755960729313,250
74350,5.900219617334431,5.459415584415584,4.086904761904762,7.697755960729313,3.610851198824551,250
74400,5.915597385952167,5.464285714285714,4.113690476190476,7.7086255259467045,3.594935049756229,250
74450,5.931049710470131,5.473522167487685,4.113690476190476,7.732819074333801,3.619128598143325,250
74500,5.948444698785111,5.491379310344827,4.137987012987013,7.768631813125696,3.6306448001386826,250
74550,5.964355440979628,5.5,4.161666666666667,7.7934782608695645,3.6318115942028975,250
74600,5.980924132985993,5.508620689655173,4.161666666666667,7.804347826086956,3.642681159420289,250
74650,5.998470231110857,5.522774327122153,4.17,7.804347826086956,3.634347826086956,250
74700,6.017706908437346,5.553639846743295,4.18475073313783,7.858695652173913,3.6739449190360833,250
74750,6.032751619627827,5.588557993730408,4.203030303030303,7.9021739130434785,3.6991436100131754,250
74800,6.049631731673908,5.595454545454546,4.217424242424242,7.934782608695652,3.7173583662714105,250
74850,6.065978934839327,5.595454545454546,4.2272727272727275,7.951475155279502,3.724202428006775,250
74900,6.082456359001644,5.604978354978355,4.232954545454546,7.951475155279502,3.7185206098249566,250
74950,6.096423359371844,5.616883116883117,4.235,7.951475155279502,3.716475155279502,250
