timestep,mean_fractional_change,median_fractional_change,p25_fractional_change,p75_fractional_change,iqr_fractional_change,n_files
50,0.0,0.0,0.0,0.0,0.0,250
100,0.0044900971119119955,0.0,0.0,0.0,0.0,250
150,0.006750638935765998,0.0,0.0,0.0,0.0,250
200,0.00962463064689342,0.0,0.0,0.028185328185328096,0.028185328185328096,250
250,0.01119835599217049,0.0,0.0,0.03333333333333344,0.03333333333333344,250
300,0.013897925985585336,0.0,0.0,0.03571428571428581,0.03571428571428581,250
350,0.01816319794636783,0.0,0.0,0.03846153846153855,0.03846153846153855,250
400,0.02082580535713793,0.0,0.0,0.040000000000000036,0.040000000000000036,250
450,0.023329875999047033,0.0,0.0,0.041250000000000064,0.041250000000000064,250
500,0.026116202470620877,0.013513513513513487,0.0,0.04347826086956519,0.04347826086956519,250
550,0.03015467909410179,0.03279569892473122,0.0,0.04761904761904767,0.04761904761904767,250
600,0.03273807978609996,0.03571428571428581,0.0,0.050000000000000044,0.050000000000000044,250
650,0.03494539997798537,0.03703703703703698,0.0,0.05518018018018017,0.05518018018018017,250
700,0.03799102806800705,0.03703703703703698,0.0,0.06666666666666665,0.06666666666666665,250
750,0.039947140288684485,0.03846153846153855,0.0,0.07081280788177335,0.07081280788177335,250
800,0.04265632775413811,0.03846153846153855,0.0,0.07407407407407418,0.07407407407407418,250
850,0.044420519774012276,0.040000000000000036,0.0,0.08000000000000007,0.08000000000000007,250
900,0.0455801460452498,0.040000000000000036,0.0,0.08000000000000007,0.08000000000000007,250
950,0.04686332645998194,0.040000000000000036,0.0,0.08081081081081087,0.08081081081081087,250
1000,0.05028503839162042,0.04083333333333339,0.0,0.08695652173913038,0.08695652173913038,250
1050,0.05261617131327966,0.04166666666666674,0.0,0.09090909090909083,0.09090909090909083,250
1100,0.05502191540218644,0.042572463768115965,0.0,0.09486607142857151,0.09486607142857151,250
1150,0.05641665761649387,0.04347826086956519,0.0,0.09523809523809534,0.09523809523809534,250
1200,0.06063330568688862,0.04653679653679654,0.030539772727272707,0.10258620689655173,0.07204643416927903,250
1250,0.062005523392929855,0.04761904761904767,0.029634581105169255,0.10526315789473695,0.07562857678956769,250
1300,0.06489763581034068,0.06458333333333333,0.03150201612903225,0.1071428571428572,0.07564084101382496,250
1350,0.06758676907462313,0.0714285714285714,0.032258064516129004,0.11111111111111116,0.07885304659498216,250
1400,0.0708812172818892,0.0714285714285714,0.03333333333333344,0.11431623931623935,0.08098290598290592,250
1450,0.0732514805332694,0.07275132275132279,0.034482758620689724,0.1200000000000001,0.08551724137931038,250
1500,0.0759561688394921,0.07407407407407418,0.03571428571428581,0.12090909090909085,0.08519480519480505,250
1550,0.07930682198442489,0.07692307692307687,0.03739316239316237,0.125,0.08760683760683763,250
1600,0.08056269117120711,0.07692307692307687,0.03846153846153855,0.125,0.08653846153846145,250
1650,0.08094096577134033,0.08000000000000007,0.03846153846153855,0.125,0.08653846153846145,250
1700,0.08305691198501447,0.0805405405405406,0.03846153846153855,0.13008415147265073,0.09162261301111219,250
1750,0.08525079726652945,0.08333333333333326,0.03846153846153855,0.1333333333333333,0.09487179487179476,250
1800,0.08722285936942294,0.08452380952380945,0.03846153846153855,0.13636363636363646,0.09790209790209792,250
1850,0.07484599589156513,0.07549857549857553,0.030679513184584117,0.13043478260869557,0.09975526942411145,250
1900,0.0610311041158681,0.06666666666666665,0.0,0.125,0.125,250
1950,0.04933904690073743,0.045454545454545414,0.0,0.1071428571428572,0.1071428571428572,250
2000,0.03998670241142145,0.04166666666666674,0.0,0.10000000000000009,0.10000000000000009,250
2050,0.027935175050295018,0.03703703703703698,-0.03419540229885054,0.08511904761904754,0.11931444991789808,250
2100,0.0203101648971601,0.03125,-0.040000000000000036,0.08000000000000007,0.1200000000000001,250
2150,0.00628142808309657,0.0,-0.04166666666666663,0.0714285714285714,0.11309523809523803,250
2200,-0.0049087898120609786,0.0,-0.06388888888888888,0.06612903225806449,0.13001792114695337,250
2250,-0.014664914440956448,0.0,-0.07692307692307687,0.04707792207792211,0.12400099900099898,250
2300,-0.024404820300627215,0.0,-0.08250000000000002,0.041250000000000064,0.12375000000000008,250
2350,-0.033335512909272974,-0.03390804597701147,-0.09090909090909094,0.03846153846153855,0.1293706293706295,250
2400,-0.04332610489187414,-0.038461538461538436,-0.09999999999999998,0.0,0.09999999999999998,250
2450,-0.051044403409017794,-0.04347826086956519,-0.11538461538461542,0.0,0.11538461538461542,250
2500,-0.05825434034057851,-0.04761904761904767,-0.12090909090909091,0.0,0.12090909090909091,250
2550,-0.06541223307726934,-0.06350806451612906,-0.125,0.0,0.125,250
2600,-0.07199458370228783,-0.07275132275132273,-0.13636363636363635,0.0,0.13636363636363635,250
2650,-0.07849929152526933,-0.0805405405405405,-0.1428571428571429,0.0,0.1428571428571429,250
2700,-0.08356805899077636,-0.08333333333333337,-0.15242165242165243,0.0,0.15242165242165243,250
2750,-0.08874984907362204,-0.08695652173913049,-0.15384615384615385,0.0,0.15384615384615385,250
2800,-0.09513539018439567,-0.09090909090909094,-0.16000000000000003,-0.028781512605042026,0.131218487394958,250
2850,-0.10048245401484741,-0.09232954545454547,-0.17353823088455772,-0.032526881720430084,0.14101134916412764,250
2900,-0.10514523574641475,-0.09999999999999998,-0.17391304347826086,-0.032526881720430084,0.14138616175783078,250
2950,-0.10997375056154084,-0.10344827586206895,-0.18181818181818177,-0.034790640394088634,0.14702754142409313,250
3000,-0.11655249077493082,-0.11538461538461542,-0.19015444015444014,-0.03703703703703709,0.15311740311740304,250
3050,-0.1228871176607254,-0.11882352941176472,-0.1923076923076923,-0.038461538461538436,0.15384615384615385,250
3100,-0.128430732807998,-0.12,-0.19999999999999996,-0.040000000000000036,0.15999999999999992,250
3150,-0.13280274773042527,-0.1225,-0.2147937411095306,-0.040000000000000036,0.17479374110953055,250
3200,-0.13752816624341427,-0.125,-0.2222222222222222,-0.04347826086956519,0.17874396135265702,250
3250,-0.1420475576026383,-0.1333333333333333,-0.2272727272727273,-0.04659090909090907,0.18068181818181822,250
3300,-0.14503856861114633,-0.13636363636363635,-0.23076923076923073,-0.061079545454545414,0.1696896853146853,250
3350,-0.1492328363914982,-0.1428571428571429,-0.23952380952380953,-0.06451612903225812,0.1750076804915514,250
3400,-0.15407979717562353,-0.1428571428571429,-0.24,-0.07692307692307687,0.16307692307692312,250
3450,-0.15679537146719416,-0.1428571428571429,-0.2424324324324324,-0.07769230769230764,0.16474012474012475,250
3500,-0.15791590360039498,-0.1428571428571429,-0.2424324324324324,-0.07769230769230764,0.16474012474012475,250
3550,-0.16225504745585087,-0.1428571428571429,-0.25,-0.07999999999999996,0.17000000000000004,250
3600,-0.16447629729123145,-0.1428571428571429,-0.2483108108108108,-0.08083333333333331,0.1674774774774775,250
3650,-0.16562385496405732,-0.14907407407407408,-0.25,-0.08423913043478265,0.16576086956521735,250
3700,-0.16778138273457618,-0.15384615384615385,-0.25,-0.08727621483375964,0.16272378516624036,250
3750,-0.1696171020647559,-0.16000000000000003,-0.25,-0.08727621483375964,0.16272378516624036,250
3800,-0.17281352345491036,-0.16000000000000003,-0.25,-0.0916193181818182,0.1583806818181818,250
3850,-0.19774336373568394,-0.18518518518518523,-0.27507836990595613,-0.11538461538461542,0.15969375452134071,250
3900,-0.19848468600259017,-0.18518518518518523,-0.27507836990595613,-0.11538461538461542,0.15969375452134071,250
3950,-0.19943652112399052,-0.18783068783068785,-0.27507836990595613,-0.11538461538461542,0.15969375452134071,250
4000,-0.20039308814614154,-0.19047619047619047,-0.2781818181818182,-0.11538461538461542,0.16279720279720278,250
4050,-0.2012645874866731,-0.19139194139194138,-0.28,-0.11595022624434392,0.1640497737556561,250
4100,-0.20145506367714933,-0.19139194139194138,-0.28,-0.11595022624434392,0.1640497737556561,250
4150,-0.20261696314596697,-0.1923076923076923,-0.28,-0.11823529411764708,0.16176470588235295,250
4200,-0.20312225415125795,-0.1923076923076923,-0.28428571428571425,-0.11823529411764708,0.16605042016806718,250
4250,-0.20400681384655933,-0.19615384615384612,-0.28428571428571425,-0.12,0.16428571428571426,250
4300,-0.20508081151555702,-0.19999999999999996,-0.2857142857142857,-0.12,0.1657142857142857,250
4350,-0.2058032141129596,-0.19999999999999996,-0.2857142857142857,-0.12,0.1657142857142857,250
4400,-0.20630478151107876,-0.19999999999999996,-0.2857142857142857,-0.12,0.1657142857142857,250
4450,-0.20674978151107873,-0.19999999999999996,-0.2857142857142857,-0.12125,0.1644642857142857,250
4500,-0.20700603776733498,-0.19999999999999996,-0.2857142857142857,-0.12125,0.1644642857142857,250
4550,-0.20733270443400165,-0.19999999999999996,-0.2891705069124424,-0.12125,0.1679205069124424,250
4600,-0.20804557851644098,-0.19999999999999996,-0.29133064516129026,-0.12125,0.17008064516129026,250
4650,-0.2089397881857998,-0.19999999999999996,-0.29513888888888884,-0.12125,0.17388888888888884,250
4700,-0.2092307934768051,-0.19999999999999996,-0.2962962962962963,-0.12125,0.17504629629629628,250
4750,-0.21075925455886366,-0.19999999999999996,-0.2962962962962963,-0.125,0.17129629629629628,250
4800,-0.23239111807795576,-0.2272727272727273,-0.3195454545454545,-0.15384615384615385,0.16569930069930067,250
4850,-0.23391613152666485,-0.23076923076923073,-0.31999999999999995,-0.15384615384615385,0.1661538461538461,250
4900,-0.23551628129637983,-0.232051282051282,-0.31999999999999995,-0.15384615384615385,0.1661538461538461,250
4950,-0.2363981121284194,-0.23431372549019608,-0.31999999999999995,-0.15384615384615385,0.1661538461538461,250
5000,-0.23697890030575927,-0.23431372549019608,-0.31999999999999995,-0.15384615384615385,0.1661538461538461,250
5050,-0.23823422794108692,-0.23431372549019608,-0.31999999999999995,-0.15384615384615385,0.1661538461538461,250
5100,-0.23928008903651324,-0.23529411764705888,-0.31999999999999995,-0.15384615384615385,0.1661538461538461,250
5150,-0.23990798640096234,-0.2366946778711485,-0.3232432432432433,-0.15384615384615385,0.16939708939708942,250
5200,-0.24092578711531476,-0.2366946778711485,-0.33,-0.1553846153846154,0.17461538461538462,250
5250,-0.241603263604343,-0.23809523809523814,-0.33,-0.1553846153846154,0.17461538461538462,250
5300,-0.24256895383615018,-0.23904761904761906,-0.33,-0.1553846153846154,0.17461538461538462,250
5350,-0.2429985834657798,-0.24,-0.33333333333333337,-0.1603225806451613,0.17301075268817206,250
5400,-0.24443853121529274,-0.24,-0.33333333333333337,-0.1626344086021505,0.17069892473118287,250
5450,-0.24507926244058922,-0.24,-0.33333333333333337,-0.1626344086021505,0.17069892473118287,250
5500,-0.2461071598050383,-0.24,-0.33333333333333337,-0.1626344086021505,0.17069892473118287,250
5550,-0.24747424493824036,-0.2406896551724138,-0.33333333333333337,-0.16666666666666663,0.16666666666666674,250
5600,-0.24882012127426592,-0.2406896551724138,-0.33333333333333337,-0.16666666666666663,0.16666666666666674,250
5650,-0.24991631471045933,-0.24137931034482762,-0.33333333333333337,-0.16666666666666663,0.16666666666666674,250
5700,-0.2505122544029508,-0.24137931034482762,-0.33333333333333337,-0.16666666666666663,0.16666666666666674,250
5750,-0.2520546432299048,-0.25,-0.33333333333333337,-0.16666666666666663,0.16666666666666674,250
5800,-0.2529465425183558,-0.25,-0.33333333333333337,-0.16666666666666663,0.16666666666666674,250
5850,-0.25339709196890525,-0.25,-0.33333333333333337,-0.1684782608695652,0.16485507246376818,250
5900,-0.2544361608570064,-0.25,-0.33333333333333337,-0.1750776397515528,0.15825569358178057,250
5950,-0.2555757092715548,-0.2540322580645161,-0.33333333333333337,-0.1785714285714286,0.15476190476190477,250
6000,-0.2571590120581853,-0.2586618876941458,-0.33333333333333337,-0.1785714285714286,0.15476190476190477,250
6050,-0.258219906055631,-0.2586618876941458,-0.3443349753694581,-0.1785714285714286,0.16576354679802952,250
6100,-0.25954159491038437,-0.2586618876941458,-0.3474080267558528,-0.1793831168831169,0.1680249098727359,250
6150,-0.260160359398714,-0.2586618876941458,-0.3474080267558528,-0.18181818181818177,0.16558984493767104,250
6200,-0.2606199867279066,-0.2586618876941458,-0.34782608695652173,-0.18181818181818177,0.16600790513833996,250
6250,-0.2611443131036182,-0.2586618876941458,-0.3504700352526439,-0.18181818181818177,0.16865185343446215,250
6300,-0.2626494068884859,-0.26086956521739135,-0.3504700352526439,-0.18518518518518523,0.1652848500674587,250
6350,-0.26341929855492935,-0.26086956521739135,-0.35396687009590233,-0.18518518518518523,0.1687816849107171,250
6400,-0.2638634823281454,-0.26278772378516624,-0.35396687009590233,-0.18518518518518523,0.1687816849107171,250
6450,-0.2648146114888397,-0.26278772378516624,-0.35396687009590233,-0.18576388888888892,0.1682029812070134,250
6500,-0.2662905421163221,-0.2692307692307693,-0.3548387096774194,-0.18576388888888892,0.16907482078853045,250
6550,-0.26689339925917926,-0.2692307692307693,-0.3548387096774194,-0.18576388888888892,0.16907482078853045,250
6600,-0.2681950046103498,-0.2692307692307693,-0.35656682027649766,-0.18576388888888892,0.17080293138760874,250
6650,-0.2688246165785592,-0.2692307692307693,-0.35656682027649766,-0.18576388888888892,0.17080293138760874,250
6700,-0.27074961908812695,-0.2727272727272727,-0.35928571428571426,-0.19093406593406592,0.16835164835164834,250
6750,-0.2910698907844683,-0.2857142857142857,-0.3679824561403509,-0.21875,0.1492324561403509,250
6800,-0.2918413385959161,-0.2857142857142857,-0.3698830409356725,-0.21875,0.15113304093567248,250
6850,-0.3218082935318535,-0.3190909090909091,-0.4,-0.24,0.16000000000000003,250
6900,-0.3228397120810002,-0.31999999999999995,-0.4,-0.24,0.16000000000000003,250
6950,-0.3229730454143335,-0.31999999999999995,-0.4,-0.24,0.16000000000000003,250
7000,-0.323460224901513,-0.31999999999999995,-0.4,-0.24,0.16000000000000003,250
7050,-0.32424436546683,-0.31999999999999995,-0.4,-0.24,0.16000000000000003,250
7100,-0.32456904079150534,-0.31999999999999995,-0.4,-0.24,0.16000000000000003,250
7150,-0.3254938922363568,-0.31999999999999995,-0.40555555555555556,-0.24,0.16555555555555557,250
7200,-0.3260997123421769,-0.31999999999999995,-0.40740740740740744,-0.24,0.16740740740740745,250
7250,-0.3270562317448132,-0.31999999999999995,-0.4137931034482759,-0.24,0.17379310344827592,250
7300,-0.3270562317448132,-0.31999999999999995,-0.4137931034482759,-0.24,0.17379310344827592,250
7350,-0.3281223885509701,-0.3214285714285714,-0.4137931034482759,-0.24,0.17379310344827592,250
7400,-0.3285870851446989,-0.3214285714285714,-0.4137931034482759,-0.24,0.17379310344827592,250
7450,-0.32947549303310675,-0.3273809523809524,-0.41594827586206895,-0.2406060606060606,0.17534221525600835,250
7500,-0.3297612073188211,-0.3273809523809524,-0.41594827586206895,-0.24431818181818182,0.17163009404388713,250
7550,-0.33054886391550997,-0.33333333333333337,-0.41594827586206895,-0.24431818181818182,0.17163009404388713,250
7600,-0.3315112295069078,-0.33333333333333337,-0.41594827586206895,-0.25,0.16594827586206895,250
7650,-0.33310274761842595,-0.33333333333333337,-0.41594827586206895,-0.25,0.16594827586206895,250
7700,-0.3346149361706145,-0.33333333333333337,-0.41594827586206895,-0.25201612903225806,0.1639321468298109,250
7750,-0.3358110252187271,-0.33333333333333337,-0.4186827956989247,-0.258363201911589,0.16031959378733568,250
7800,-0.33661100848827563,-0.33333333333333337,-0.4186827956989247,-0.258363201911589,0.16031959378733568,250
7850,-0.3378079117603281,-0.33333333333333337,-0.42307692307692313,-0.2592592592592593,0.16381766381766383,250
7900,-0.33873413886655523,-0.33333333333333337,-0.4285714285714286,-0.2592592592592593,0.1693121693121693,250
7950,-0.3403549257913009,-0.3448275862068966,-0.4285714285714286,-0.2592592592592593,0.1693121693121693,250
8000,-0.3409584472698224,-0.3448275862068966,-0.4285714285714286,-0.2592592592592593,0.1693121693121693,250
8050,-0.3426822840127896,-0.34698996655518394,-0.4285714285714286,-0.2623188405797102,0.16625258799171838,250
8100,-0.3434362346053376,-0.34698996655518394,-0.4285714285714286,-0.2692307692307693,0.15934065934065933,250
8150,-0.3445865830368625,-0.34782608695652173,-0.4285714285714286,-0.2692307692307693,0.15934065934065933,250
8200,-0.3458330857873975,-0.35038363171355497,-0.4314671814671815,-0.2692307692307693,0.16223641223641222,250
8250,-0.3471462714846155,-0.35504201680672265,-0.4314671814671815,-0.2692307692307693,0.16223641223641222,250
8300,-0.3482048987832428,-0.35504201680672265,-0.4314671814671815,-0.2701048951048951,0.1613622863622864,250
8350,-0.3487722670471628,-0.35504201680672265,-0.4314671814671815,-0.2701048951048951,0.1613622863622864,250
8400,-0.3499351180850139,-0.3571428571428571,-0.43419506462984725,-0.2701048951048951,0.16409016952495215,250
8450,-0.35068575070521174,-0.3571428571428571,-0.43419506462984725,-0.2701048951048951,0.16409016952495215,250
8500,-0.35215007166813006,-0.35857142857142854,-0.43419506462984725,-0.28,0.15419506462984722,250
8550,-0.3527672174852759,-0.35857142857142854,-0.43419506462984725,-0.28,0.15419506462984722,250
8600,-0.35357744289205306,-0.36,-0.43419506462984725,-0.28,0.15419506462984722,250
8650,-0.3546700535342289,-0.36,-0.4347826086956522,-0.28,0.1547826086956522,250
8700,-0.3554477254919009,-0.36,-0.4347826086956522,-0.28,0.1547826086956522,250
8750,-0.3570950547487953,-0.3618181818181818,-0.4347826086956522,-0.2814285714285715,0.15335403726708075,250
8800,-0.3577180000503381,-0.36363636363636365,-0.4347826086956522,-0.2814285714285715,0.15335403726708075,250
8850,-0.35818466671700483,-0.36363636363636365,-0.43869565217391304,-0.2814285714285715,0.15726708074534157,250
8900,-0.35866672790863124,-0.36363636363636365,-0.43869565217391304,-0.2814285714285715,0.15726708074534157,250
8950,-0.3595042652907338,-0.36363636363636365,-0.43999999999999995,-0.2814285714285715,0.15857142857142847,250
9000,-0.35998426529073385,-0.36363636363636365,-0.43999999999999995,-0.2857142857142857,0.15428571428571425,250
9050,-0.3606143019207704,-0.36363636363636365,-0.43999999999999995,-0.2857142857142857,0.15428571428571425,250
9100,-0.3612375615440301,-0.36363636363636365,-0.43999999999999995,-0.2857142857142857,0.15428571428571425,250
9150,-0.3618210373275058,-0.36363636363636365,-0.4433333333333333,-0.2857142857142857,0.1576190476190476,250
9200,-0.36248821432371503,-0.36363636363636365,-0.4444444444444444,-0.2857142857142857,0.15873015873015872,250
9250,-0.3629476795643568,-0.36363636363636365,-0.4444444444444444,-0.2857142857142857,0.15873015873015872,250
9300,-0.36374654736322465,-0.36363636363636365,-0.4444444444444444,-0.2857142857142857,0.15873015873015872,250
9350,-0.36428717200040095,-0.36363636363636365,-0.4444444444444444,-0.2857142857142857,0.15873015873015872,250
9400,-0.365043199851578,-0.36515151515151517,-0.4444444444444444,-0.2857142857142857,0.15873015873015872,250
9450,-0.3655095381110197,-0.36515151515151517,-0.4444444444444444,-0.2857142857142857,0.15873015873015872,250
9500,-0.365800543402025,-0.36515151515151517,-0.4444444444444444,-0.2857142857142857,0.15873015873015872,250
9550,-0.3660767338782155,-0.36515151515151517,-0.4444444444444444,-0.2857142857142857,0.15873015873015872,250
9600,-0.3666561463941797,-0.3666666666666667,-0.4444444444444444,-0.2857142857142857,0.15873015873015872,250
9650,-0.3675489218715204,-0.3666666666666667,-0.4444444444444444,-0.29282407407407407,0.15162037037037035,250
9700,-0.368737910475509,-0.3666666666666667,-0.4444444444444444,-0.29282407407407407,0.15162037037037035,250
9750,-0.38112588444393136,-0.3879928315412186,-0.4545454545454546,-0.3076923076923077,0.14685314685314688,250
9800,-0.3818327070560171,-0.3913043478260869,-0.4545454545454546,-0.3076923076923077,0.14685314685314688,250
9850,-0.38264611178371727,-0.3913043478260869,-0.4564935064935065,-0.3083554376657825,0.148138068827724,250
9900,-0.38312422626183174,-0.3913043478260869,-0.4564935064935065,-0.3117059891107078,0.1447875173827987,250
9950,-0.3841780637968457,-0.3920807453416149,-0.45833333333333337,-0.3117059891107078,0.14662734422262558,250
10000,-0.3843262119449939,-0.3920807453416149,-0.45833333333333337,-0.3117059891107078,0.14662734422262558,250
10050,-0.38523806302494834,-0.3920807453416149,-0.45833333333333337,-0.3117059891107078,0.14662734422262558,250
10100,-0.385834992647462,-0.3920807453416149,-0.45833333333333337,-0.31638755980861244,0.14194577352472093,250
10150,-0.3863445164569858,-0.3928571428571429,-0.4607371794871795,-0.31638755980861244,0.14434961967856708,250
10200,-0.3871750624970971,-0.3928571428571429,-0.46153846153846156,-0.31638755980861244,0.14515090172984912,250
10250,-0.3874429196399542,-0.3928571428571429,-0.46153846153846156,-0.31638755980861244,0.14515090172984912,250
10300,-0.3877339249309595,-0.3928571428571429,-0.46153846153846156,-0.31818181818181823,0.14335664335664333,250
10350,-0.38821203940907395,-0.3928571428571429,-0.46153846153846156,-0.31818181818181823,0.14335664335664333,250
10400,-0.3891250141032251,-0.3928571428571429,-0.46153846153846156,-0.31818181818181823,0.14335664335664333,250
10450,-0.3891250141032251,-0.3928571428571429,-0.46153846153846156,-0.31818181818181823,0.14335664335664333,250
10500,-0.38989668076989176,-0.3928571428571429,-0.46153846153846156,-0.31818181818181823,0.14335664335664333,250
10550,-0.3905325881153644,-0.3928571428571429,-0.4642857142857143,-0.31818181818181823,0.14610389610389607,250
10600,-0.40968156308808923,-0.40824915824915825,-0.4814814814814815,-0.3359375,0.1455439814814815,250
10650,-0.41010557330520286,-0.40824915824915825,-0.4814814814814815,-0.3359375,0.1455439814814815,250
10700,-0.41083017100635233,-0.40909090909090906,-0.48243933588761173,-0.3359375,0.14650183588761173,250
10750,-0.41174596050670703,-0.40909090909090906,-0.48243933588761173,-0.3359375,0.14650183588761173,250
10800,-0.4127861986019451,-0.4114420062695925,-0.48243933588761173,-0.3359375,0.14650183588761173,250
10850,-0.4139771876129341,-0.4137931034482759,-0.48243933588761173,-0.3359375,0.14650183588761173,250
10900,-0.41485022919671743,-0.4137931034482759,-0.48359288097886544,-0.3359375,0.14765538097886544,250
10950,-0.41593349989153977,-0.4137931034482759,-0.48359288097886544,-0.34401939655172414,0.1395734844271413,250
11000,-0.41644448890252883,-0.41522988505747127,-0.48359288097886544,-0.34401939655172414,0.1395734844271413,250
11050,-0.41684448890252884,-0.41522988505747127,-0.4838709677419355,-0.34401939655172414,0.13985157119021135,250
11100,-0.4174669960250359,-0.41522988505747127,-0.4858326068003488,-0.34401939655172414,0.14181321024862464,250
11150,-0.41796757573518084,-0.41522988505747127,-0.4966216216216216,-0.34401939655172414,0.15260222506989746,250
11200,-0.41832625019911845,-0.41666666666666663,-0.5,-0.34401939655172414,0.15598060344827586,250
11250,-0.41939734272977625,-0.42206477732793524,-0.5,-0.34515915119363394,0.15484084880636606,250
11300,-0.4197862390152242,-0.42206477732793524,-0.5,-0.34515915119363394,0.15484084880636606,250
11350,-0.4201634319976804,-0.42307692307692313,-0.5,-0.34515915119363394,0.15484084880636606,250
11400,-0.42084491347916186,-0.42307692307692313,-0.5,-0.34515915119363394,0.15484084880636606,250
11450,-0.42172512418840485,-0.42307692307692313,-0.5,-0.34515915119363394,0.15484084880636606,250
11500,-0.42277431063414306,-0.42582417582417587,-0.5,-0.34515915119363394,0.15484084880636606,250
11550,-0.42310997496980735,-0.42582417582417587,-0.5,-0.34515915119363394,0.15484084880636606,250
11600,-0.42375013091522645,-0.4285714285714286,-0.5,-0.34615384615384615,0.15384615384615385,250
11650,-0.4241882053533009,-0.4285714285714286,-0.5,-0.34657190635451507,0.15342809364548493,250
11700,-0.4249626474973083,-0.4285714285714286,-0.5,-0.3495792426367461,0.1504207573632539,250
11750,-0.42566411269877347,-0.4285714285714286,-0.5,-0.3554147465437788,0.1445852534562212,250
11800,-0.4260831603178211,-0.4285714285714286,-0.5,-0.3554147465437788,0.1445852534562212,250
11850,-0.4270261129973255,-0.4285714285714286,-0.5,-0.3554147465437788,0.1445852534562212,250
11900,-0.42763193310314557,-0.4340579710144928,-0.5,-0.3554147465437788,0.1445852534562212,250
11950,-0.4280800812512937,-0.4340579710144928,-0.5,-0.3554147465437788,0.1445852534562212,250
12000,-0.4283479383941509,-0.4340579710144928,-0.5,-0.3554147465437788,0.1445852534562212,250
12050,-0.42925344344077293,-0.4347826086956522,-0.5,-0.3571428571428571,0.1428571428571429,250
12100,-0.4301023739220563,-0.4347826086956522,-0.5,-0.3571428571428571,0.1428571428571429,250
12150,-0.4305366012528353,-0.4347826086956522,-0.5,-0.3571428571428571,0.1428571428571429,250
12200,-0.43117315662594247,-0.4347826086956522,-0.5,-0.3578571428571428,0.14214285714285718,250
12250,-0.4315974952502811,-0.4347826086956522,-0.5,-0.3578571428571428,0.14214285714285718,250
12300,-0.43240796366686646,-0.4361413043478261,-0.5,-0.3578571428571428,0.14214285714285718,250
12350,-0.4331824564204896,-0.4361413043478261,-0.5,-0.3578571428571428,0.14214285714285718,250
12400,-0.43347578975382295,-0.4361413043478261,-0.5,-0.36,0.14,250
12450,-0.43379578975382294,-0.43875,-0.5,-0.36,0.14,250
12500,-0.4346247874228206,-0.43999999999999995,-0.5,-0.3609090909090909,0.1390909090909091,250
12550,-0.4355988519814504,-0.43999999999999995,-0.5,-0.3609090909090909,0.1390909090909091,250
12600,-0.44667257443741953,-0.4444444444444444,-0.52,-0.3715277777777778,0.14847222222222223,250
12650,-0.4475679020727472,-0.4472222222222222,-0.52,-0.3715277777777778,0.14847222222222223,250
12700,-0.44803559438043955,-0.45227272727272727,-0.52,-0.3715277777777778,0.14847222222222223,250
12750,-0.44850894898282634,-0.45227272727272727,-0.5228571428571429,-0.3715277777777778,0.15132936507936512,250
12800,-0.4486627951366725,-0.45227272727272727,-0.5228571428571429,-0.3715277777777778,0.15132936507936512,250
12850,-0.44913364557655516,-0.4545454545454546,-0.5228571428571429,-0.3715277777777778,0.15132936507936512,250
12900,-0.45002622050772767,-0.4545454545454546,-0.530952380952381,-0.3715277777777778,0.15942460317460316,250
12950,-0.45073654906208843,-0.4545454545454546,-0.530952380952381,-0.3715277777777778,0.15942460317460316,250
13000,-0.4512011467632378,-0.4545454545454546,-0.5351190476190476,-0.3715277777777778,0.16359126984126982,250
13050,-0.45179832716945056,-0.456439393939394,-0.5351190476190476,-0.375,0.1601190476190476,250
13100,-0.4525622768429654,-0.45833333333333337,-0.5357142857142857,-0.375,0.1607142857142857,250
13150,-0.45273618988644365,-0.45833333333333337,-0.5357142857142857,-0.375,0.1607142857142857,250
13200,-0.4528961898864436,-0.45833333333333337,-0.5357142857142857,-0.375,0.1607142857142857,250
13250,-0.4541059809348322,-0.45833333333333337,-0.5357142857142857,-0.375,0.1607142857142857,250
13300,-0.45458941778783424,-0.45833333333333337,-0.5357142857142857,-0.375,0.1607142857142857,250
13350,-0.4554892379676544,-0.45833333333333337,-0.5357142857142857,-0.375,0.1607142857142857,250
13400,-0.45609464422380236,-0.45833333333333337,-0.5357142857142857,-0.37648809523809523,0.15922619047619047,250
13450,-0.46379409067549476,-0.46153846153846156,-0.5384615384615384,-0.3916925465838509,0.14676899187768755,250
13500,-0.46543518275571727,-0.4642857142857143,-0.5416666666666667,-0.3916925465838509,0.14997412008281585,250
13550,-0.4664740195464723,-0.4642857142857143,-0.5416666666666667,-0.3928571428571429,0.14880952380952384,250
13600,-0.46706319333564605,-0.4642857142857143,-0.5416666666666667,-0.3928571428571429,0.14880952380952384,250
13650,-0.46781079969480416,-0.46651785714285715,-0.5416666666666667,-0.3928571428571429,0.14880952380952384,250
13700,-0.4687696147927497,-0.46651785714285715,-0.5454545454545454,-0.3928571428571429,0.1525974025974025,250
13750,-0.46912961479274967,-0.46651785714285715,-0.5476539589442815,-0.3928571428571429,0.15479681608713858,250
13800,-0.4694253137174808,-0.46651785714285715,-0.5476539589442815,-0.3928571428571429,0.15479681608713858,250
13850,-0.47054456678199713,-0.46651785714285715,-0.55,-0.3928571428571429,0.15714285714285714,250
13900,-0.4713193845568148,-0.46651785714285715,-0.5517241379310345,-0.3928571428571429,0.15886699507389157,250
13950,-0.47210092301835327,-0.46651785714285715,-0.5517241379310345,-0.3928571428571429,0.15886699507389157,250
14000,-0.47260480239179786,-0.4712171052631579,-0.5517241379310345,-0.3928571428571429,0.15886699507389157,250
14050,-0.47404252791908863,-0.4712171052631579,-0.5545977011494253,-0.3928571428571429,0.1617405582922824,250
14100,-0.474406164282725,-0.474937343358396,-0.5545977011494253,-0.3928571428571429,0.1617405582922824,250
14150,-0.47529669874825947,-0.4782608695652174,-0.5545977011494253,-0.39312770562770566,0.16146999552171964,250
14200,-0.4771762383495595,-0.4782608695652174,-0.5545977011494253,-0.39545454545454545,0.15914315569487986,250
14250,-0.4784361002173532,-0.4791304347826087,-0.5555555555555556,-0.39545454545454545,0.16010101010101013,250
14300,-0.47885846580875113,-0.4791304347826087,-0.558888888888889,-0.39545454545454545,0.16343434343434354,250
14350,-0.4800447284350137,-0.4814814814814815,-0.56,-0.39545454545454545,0.1645454545454546,250
14400,-0.48069469476498,-0.4814814814814815,-0.56,-0.39545454545454545,0.1645454545454546,250
14450,-0.48147584442294455,-0.4814814814814815,-0.56,-0.4,0.16000000000000003,250
14500,-0.4816296905767907,-0.4814814814814815,-0.56,-0.4,0.16000000000000003,250
14550,-0.4824576838738163,-0.4814814814814815,-0.56,-0.4,0.16000000000000003,250
14600,-0.483076448362146,-0.4814814814814815,-0.56,-0.40156250000000004,0.1584375,250
14650,-0.4839109999803461,-0.4821200510855683,-0.56,-0.40625,0.15375000000000005,250
14700,-0.4851684055377517,-0.4821200510855683,-0.56,-0.40625,0.15375000000000005,250
14750,-0.4861055513548975,-0.4821200510855683,-0.5652173913043479,-0.40653935185185186,0.15867803945249603,250
14800,-0.48707632274339674,-0.4821200510855683,-0.5652173913043479,-0.40653935185185186,0.15867803945249603,250
14850,-0.4875530929297322,-0.48275862068965514,-0.5652173913043479,-0.40740740740740744,0.15780998389694045,250
14900,-0.48784409822073754,-0.4833147942157953,-0.5652173913043479,-0.4084967320261438,0.1567206592782041,250
14950,-0.48828365866029794,-0.4843597262952102,-0.5652173913043479,-0.4084967320261438,0.1567206592782041,250
15000,-0.4889750542212587,-0.4843597262952102,-0.5652173913043479,-0.40975935828877,0.15545803301557787,250
15050,-0.49022664479654493,-0.49242424242424243,-0.5652173913043479,-0.41299019607843135,0.15222719522591655,250
15100,-0.4904907140606142,-0.49242424242424243,-0.5652173913043479,-0.4173387096774193,0.14787868162692858,250
15150,-0.49065071406061417,-0.49242424242424243,-0.566304347826087,-0.4173387096774193,0.14896563814866765,250
15200,-0.4913712912797889,-0.5,-0.5666666666666667,-0.4173387096774193,0.14932795698924733,250
15250,-0.4916603235378534,-0.5,-0.5702380952380952,-0.4193548387096774,0.15088325652841783,250
15300,-0.49210517498270484,-0.5,-0.5714285714285714,-0.4193548387096774,0.15207373271889402,250
15350,-0.4922790880261831,-0.5,-0.5714285714285714,-0.4193548387096774,0.15207373271889402,250
15400,-0.4930814190285141,-0.5,-0.5714285714285714,-0.4193548387096774,0.15207373271889402,250
15450,-0.49370651052317077,-0.5,-0.5714285714285714,-0.4193548387096774,0.15207373271889402,250
15500,-0.4945060006626609,-0.5,-0.5714285714285714,-0.4193548387096774,0.15207373271889402,250
15550,-0.4951698800361055,-0.5,-0.5714285714285714,-0.4193548387096774,0.15207373271889402,250
15600,-0.4957893059000966,-0.5,-0.5714285714285714,-0.4193548387096774,0.15207373271889402,250
15650,-0.4961993059000966,-0.5,-0.5714285714285714,-0.41977928692699484,0.15164928450157655,250
15700,-0.49712512600591674,-0.5,-0.5769230769230769,-0.4218500797448166,0.15507299717826029,250
15750,-0.49762375034454104,-0.5,-0.5769230769230769,-0.4253246753246753,0.15159840159840154,250
15800,-0.4983622104795529,-0.5,-0.5769230769230769,-0.4253246753246753,0.15159840159840154,250
15850,-0.4989908714482139,-0.5,-0.5769230769230769,-0.4253246753246753,0.15159840159840154,250
15900,-0.49930471760206,-0.5,-0.5769230769230769,-0.4253246753246753,0.15159840159840154,250
15950,-0.49930471760206,-0.5,-0.5769230769230769,-0.4253246753246753,0.15159840159840154,250
16000,-0.5002740905216417,-0.5,-0.5769230769230769,-0.4253246753246753,0.15159840159840154,250
16050,-0.5002740905216417,-0.5,-0.5769230769230769,-0.4253246753246753,0.15159840159840154,250
16100,-0.5004169476644988,-0.5,-0.5769230769230769,-0.4253246753246753,0.15159840159840154,250
16150,-0.5010546063021575,-0.5,-0.5769230769230769,-0.4253246753246753,0.15159840159840154,250
16200,-0.5016691517567029,-0.5,-0.5769230769230769,-0.4285714285714286,0.14835164835164827,250
16250,-0.5019958184233696,-0.5,-0.5769230769230769,-0.4285714285714286,0.14835164835164827,250
16300,-0.5019958184233696,-0.5,-0.5769230769230769,-0.4285714285714286,0.14835164835164827,250
16350,-0.5024238487263999,-0.5,-0.5769230769230769,-0.4285714285714286,0.14835164835164827,250
16400,-0.5029171820597332,-0.5,-0.5769230769230769,-0.4285714285714286,0.14835164835164827,250
16450,-0.503461621419001,-0.5,-0.5769230769230769,-0.4285714285714286,0.14835164835164827,250
16500,-0.5035995524534838,-0.5,-0.5797146401985112,-0.4285714285714286,0.15114321162708255,250
16550,-0.5037245524534837,-0.5,-0.5826612903225805,-0.4285714285714286,0.1540898617511519,250
16600,-0.5041608310883599,-0.5,-0.5826612903225805,-0.4285714285714286,0.1540898617511519,250
16650,-0.5047619150001854,-0.5067567567567568,-0.5833333333333333,-0.43369565217391304,0.14963768115942022,250
16700,-0.505109600453134,-0.514821272885789,-0.5833333333333333,-0.4297619047619048,0.15357142857142847,250
16750,-0.5055510819346155,-0.514821272885789,-0.5833333333333333,-0.4297619047619048,0.15357142857142847,250
16800,-0.5064675344476197,-0.5178799489144317,-0.5833333333333333,-0.4297619047619048,0.15357142857142847,250
16850,-0.5074529913426419,-0.5192592592592593,-0.5833333333333333,-0.4297619047619048,0.15357142857142847,250
16900,-0.5074529913426419,-0.5192592592592593,-0.5833333333333333,-0.4297619047619048,0.15357142857142847,250
16950,-0.5079068374964879,-0.5192592592592593,-0.5833333333333333,-0.4297619047619048,0.15357142857142847,250
17000,-0.5086229533091555,-0.5192592592592593,-0.5833333333333333,-0.43333333333333335,0.1499999999999999,250
17050,-0.5089786845344519,-0.52,-0.5833333333333333,-0.43333333333333335,0.1499999999999999,250
17100,-0.5095968496221823,-0.5208695652173914,-0.5833333333333333,-0.43333333333333335,0.1499999999999999,250
17150,-0.5100313734317061,-0.5208695652173914,-0.5833333333333333,-0.43333333333333335,0.1499999999999999,250
17200,-0.5102983367242534,-0.5208695652173914,-0.5833333333333333,-0.43369565217391304,0.14963768115942022,250
17250,-0.5102983367242534,-0.5208695652173914,-0.5833333333333333,-0.43369565217391304,0.14963768115942022,250
17300,-0.5106012820257961,-0.5208695652173914,-0.5833333333333333,-0.4347826086956522,0.14855072463768104,250
17350,-0.5110850945096087,-0.5208695652173914,-0.5833333333333333,-0.4347826086956522,0.14855072463768104,250
17400,-0.5114256742197536,-0.5208695652173914,-0.5854885057471264,-0.4360869565217391,0.1494015492253873,250
17450,-0.5119883678224473,-0.5217391304347826,-0.5862068965517242,-0.4360869565217391,0.15011994002998508,250
17500,-0.5124442082782875,-0.5217391304347826,-0.5862068965517242,-0.43999999999999995,0.14620689655172425,250
17550,-0.512789385689582,-0.5217391304347826,-0.5862068965517242,-0.43999999999999995,0.14620689655172425,250
17600,-0.5129560523562486,-0.5217391304347826,-0.5862068965517242,-0.43999999999999995,0.14620689655172425,250
17650,-0.513488346728543,-0.5217391304347826,-0.5862068965517242,-0.43999999999999995,0.14620689655172425,250
17700,-0.5137466800618763,-0.5217391304347826,-0.5862068965517242,-0.43999999999999995,0.14620689655172425,250
17750,-0.514073346728543,-0.5217391304347826,-0.5862068965517242,-0.43999999999999995,0.14620689655172425,250
17800,-0.5146468963029621,-0.5217391304347826,-0.5909090909090908,-0.43999999999999995,0.15090909090909088,250
17850,-0.5141232136148124,-0.5217391304347826,-0.5897335423197492,-0.43999999999999995,0.14973354231974922,250
17900,-0.5131998893345527,-0.5217391304347826,-0.5909090909090908,-0.4402941176470588,0.15061497326203205,250
17950,-0.5142016525269469,-0.5217391304347826,-0.5921717171717171,-0.4444444444444444,0.1477272727272727,250
18000,-0.5139253450635038,-0.5217391304347826,-0.5925925925925926,-0.4444444444444444,0.14814814814814814,250
18050,-0.5133100531391797,-0.5217391304347826,-0.5925925925925926,-0.4444444444444444,0.14814814814814814,250
18100,-0.5131634223526981,-0.5217391304347826,-0.5925925925925926,-0.4444444444444444,0.14814814814814814,250
18150,-0.5132415235873509,-0.5217391304347826,-0.5925925925925926,-0.44199346405228757,0.150599128540305,250
18200,-0.5128879980668389,-0.5217391304347826,-0.5925925925925926,-0.44199346405228757,0.150599128540305,250
18250,-0.5113988469281227,-0.5217391304347826,-0.5921717171717171,-0.4402941176470588,0.15187759952465835,250
18300,-0.5104543539790867,-0.5217391304347826,-0.5909090909090908,-0.43999999999999995,0.15090909090909088,250
18350,-0.508973985012166,-0.5217391304347826,-0.5909090909090908,-0.4253246753246753,0.1655844155844155,250
18400,-0.5080119936701746,-0.5217391304347826,-0.5909090909090908,-0.42336829836829837,0.16754079254079246,250
18450,-0.5068365589236229,-0.5217391304347826,-0.5909090909090908,-0.42307692307692313,0.1678321678321677,250
18500,-0.5059338337721863,-0.5217391304347826,-0.5909090909090908,-0.42307692307692313,0.1678321678321677,250
18550,-0.5060725582945084,-0.5217391304347826,-0.5909090909090908,-0.42307692307692313,0.1678321678321677,250
18600,-0.5061378336513354,-0.5217391304347826,-0.5925925925925926,-0.42307692307692313,0.16951566951566943,250
18650,-0.5065501496961162,-0.5217391304347826,-0.5925925925925926,-0.42307692307692313,0.16951566951566943,250
18700,-0.505225902685484,-0.5217391304347826,-0.5902406417112299,-0.42307692307692313,0.1671637186343068,250
18750,-0.5047262071741161,-0.5217391304347826,-0.5902406417112299,-0.42336829836829837,0.16687234334293155,250
18800,-0.504869610147954,-0.5217391304347826,-0.5902406417112299,-0.42336829836829837,0.16687234334293155,250
18850,-0.5045934662055214,-0.5217391304347826,-0.5877281947261663,-0.42307692307692313,0.1646512716492432,250
18900,-0.5038821231046131,-0.5192592592592593,-0.5862068965517242,-0.42307692307692313,0.16312997347480107,250
18950,-0.503402620417007,-0.52,-0.5862068965517242,-0.42307692307692313,0.16312997347480107,250
19000,-0.5022147373780069,-0.52,-0.5833333333333333,-0.42307692307692313,0.16025641025641013,250
19050,-0.5022747069431481,-0.52,-0.5833333333333333,-0.42307692307692313,0.16025641025641013,250
19100,-0.5012776149509209,-0.5185185185185186,-0.5862068965517242,-0.42307692307692313,0.16312997347480107,250
19150,-0.5008146519879579,-0.5185185185185186,-0.5862068965517242,-0.42307692307692313,0.16312997347480107,250
19200,-0.50060354705632,-0.5185185185185186,-0.5862068965517242,-0.42307692307692313,0.16312997347480107,250
19250,-0.4998862215049622,-0.5185185185185186,-0.5854885057471264,-0.42307692307692313,0.16241158267020328,250
19300,-0.49997088009918605,-0.5185185185185186,-0.5862068965517242,-0.42307692307692313,0.16312997347480107,250
19350,-0.4989319965658865,-0.5185185185185186,-0.5833333333333333,-0.4145114942528736,0.16882183908045967,250
19400,-0.4989282446575694,-0.5185185185185186,-0.5817307692307692,-0.41776315789473684,0.16396761133603233,250
19450,-0.49959658356503867,-0.5185185185185186,-0.5817307692307692,-0.41776315789473684,0.16396761133603233,250
19500,-0.4981238327267039,-0.5166852057842046,-0.5769230769230769,-0.4102664576802508,0.1666566192428261,250
19550,-0.49752222732907975,-0.5161290322580645,-0.5854885057471264,-0.40909090909090906,0.17639759665621735,250
19600,-0.4975036301858578,-0.5161290322580645,-0.5862068965517242,-0.40909090909090906,0.17711598746081514,250
19650,-0.49741714339387705,-0.5166852057842046,-0.5854885057471264,-0.40909090909090906,0.17639759665621735,250
19700,-0.49716023504041695,-0.5178799489144317,-0.5862068965517242,-0.40909090909090906,0.17711598746081514,250
19750,-0.4970864303080147,-0.5161290322580645,-0.5862068965517242,-0.40909090909090906,0.17711598746081514,250
19800,-0.49728231638443376,-0.5156402737047898,-0.5877281947261663,-0.40909090909090906,0.17863728563525727,250
19850,-0.49716114480239265,-0.5156402737047898,-0.5877281947261663,-0.40909090909090906,0.17863728563525727,250
19900,-0.49672282082154917,-0.5075757575757576,-0.5877281947261663,-0.40740740740740744,0.1803207873187589,250
19950,-0.4954994628831912,-0.5,-0.5877281947261663,-0.40740740740740744,0.1803207873187589,250
20000,-0.49542511027927344,-0.5,-0.5862068965517242,-0.40740740740740744,0.17879948914431676,250
20050,-0.49450668275880016,-0.5,-0.5862068965517242,-0.40740740740740744,0.17879948914431676,250
20100,-0.4947094422937936,-0.5,-0.5862068965517242,-0.40740740740740744,0.17879948914431676,250
20150,-0.49477470935362583,-0.5,-0.5862068965517242,-0.40740740740740744,0.17879948914431676,250
20200,-0.4947083194251902,-0.5,-0.5877281947261663,-0.40740740740740744,0.1803207873187589,250
20250,-0.4944515668380028,-0.5,-0.5862068965517242,-0.40740740740740744,0.17879948914431676,250
20300,-0.49496583857270937,-0.5,-0.5833333333333333,-0.40740740740740744,0.17592592592592582,250
20350,-0.4942148868513227,-0.5,-0.5833333333333333,-0.40740740740740744,0.17592592592592582,250
20400,-0.4938883220673367,-0.5,-0.5833333333333333,-0.40740740740740744,0.17592592592592582,250
20450,-0.492885572339003,-0.5,-0.5833333333333333,-0.4,0.18333333333333324,250
20500,-0.491393474295623,-0.5,-0.5817307692307692,-0.3946428571428572,0.18708791208791198,250
20550,-0.49022711599625124,-0.5,-0.5817307692307692,-0.3946428571428572,0.18708791208791198,250
20600,-0.4893652723682907,-0.5,-0.5769230769230769,-0.3946428571428572,0.1822802197802197,250
20650,-0.48881191377036687,-0.5,-0.5755494505494505,-0.3946428571428572,0.18090659340659332,250
20700,-0.48782724713473247,-0.5,-0.5755494505494505,-0.3946428571428572,0.18090659340659332,250
20750,-0.4881701120514804,-0.5,-0.5755494505494505,-0.4,0.17554945054945048,250
20800,-0.48733456426981575,-0.5,-0.5755494505494505,-0.4,0.17554945054945048,250
20850,-0.48740160360728985,-0.5,-0.5755494505494505,-0.4,0.17554945054945048,250
20900,-0.48505449358535146,-0.5,-0.5755494505494505,-0.388148667601683,0.18740078294776752,250
20950,-0.4837381999496418,-0.5,-0.5755494505494505,-0.38523573200992556,0.19031371853952495,250
21000,-0.4830365644447753,-0.5,-0.5769230769230769,-0.38628762541806017,0.1906354515050167,250
21050,-0.48159735402556486,-0.5,-0.5769230769230769,-0.37648809523809523,0.20043498168498164,250
21100,-0.48012734144943525,-0.4846225535880708,-0.5755494505494505,-0.375,0.2005494505494505,250
21150,-0.4793562845433784,-0.48275862068965514,-0.5714285714285714,-0.375,0.1964285714285714,250
21200,-0.47875341405249444,-0.48275862068965514,-0.5714285714285714,-0.37740384615384615,0.19402472527472525,250
21250,-0.47774581107187797,-0.48275862068965514,-0.5714285714285714,-0.375,0.1964285714285714,250
21300,-0.47702205388315966,-0.4821200510855683,-0.5714285714285714,-0.375,0.1964285714285714,250
21350,-0.4752916595831492,-0.4814814814814815,-0.5698757763975155,-0.3760775862068966,0.19379819019061895,250
21400,-0.47585723929329415,-0.4814814814814815,-0.5698757763975155,-0.375,0.19487577639751552,250
21450,-0.47471632968562405,-0.4821200510855683,-0.5698757763975155,-0.375,0.19487577639751552,250
21500,-0.4749843663930768,-0.4814814814814815,-0.5698757763975155,-0.375,0.19487577639751552,250
21550,-0.4747502150836399,-0.48074074074074075,-0.5652173913043479,-0.375,0.1902173913043479,250
21600,-0.47387930636869896,-0.48074074074074075,-0.5652173913043479,-0.375,0.1902173913043479,250
21650,-0.4731191878983717,-0.48,-0.5652173913043479,-0.375,0.1902173913043479,250
21700,-0.47305638949966,-0.48,-0.5652173913043479,-0.375,0.1902173913043479,250
21750,-0.47276688399918676,-0.48,-0.564538043478261,-0.37037037037037035,0.19416767310789063,250
21800,-0.4711990534074955,-0.48,-0.56,-0.37037037037037035,0.1896296296296297,250
21850,-0.46972764643718384,-0.4791304347826087,-0.56,-0.37037037037037035,0.1896296296296297,250
21900,-0.47012732738244883,-0.4791304347826087,-0.56,-0.37037037037037035,0.1896296296296297,250
21950,-0.46910307204046525,-0.4696691176470588,-0.56,-0.36890838206627685,0.1910916179337232,250
22000,-0.46856892676976825,-0.4696691176470588,-0.56,-0.36890838206627685,0.1910916179337232,250
22050,-0.46745945986838316,-0.4696691176470588,-0.56,-0.36890838206627685,0.1910916179337232,250
22100,-0.4658332131563948,-0.46770833333333334,-0.56,-0.37037037037037035,0.1896296296296297,250
22150,-0.4654253345476624,-0.46770833333333334,-0.56,-0.37037037037037035,0.1896296296296297,250
22200,-0.4643628251767643,-0.46770833333333334,-0.56,-0.37037037037037035,0.1896296296296297,250
22250,-0.46369437593805196,-0.4696691176470588,-0.56,-0.37037037037037035,0.1896296296296297,250
22300,-0.4626700267785535,-0.46770833333333334,-0.56,-0.368421052631579,0.19157894736842107,250
22350,-0.46217141036095594,-0.46770833333333334,-0.56,-0.368421052631579,0.19157894736842107,250
22400,-0.46188061264575064,-0.47619047619047616,-0.56,-0.368421052631579,0.19157894736842107,250
22450,-0.4602658396547115,-0.46770833333333334,-0.5555555555555556,-0.3666666666666667,0.18888888888888888,250
22500,-0.4598690857483924,-0.4666666666666667,-0.5555555555555556,-0.36710526315789477,0.1884502923976608,250
22550,-0.45915557816058944,-0.4666666666666667,-0.5555555555555556,-0.3666666666666667,0.18888888888888888,250
22600,-0.4587826362876475,-0.46770833333333334,-0.5555555555555556,-0.3666666666666667,0.18888888888888888,250
22650,-0.45749068906210283,-0.46770833333333334,-0.558888888888889,-0.36,0.198888888888889,250
22700,-0.4565817640740474,-0.46770833333333334,-0.558888888888889,-0.36,0.198888888888889,250
22750,-0.45563900128128454,-0.4724702380952381,-0.558888888888889,-0.3508695652173913,0.20801932367149767,250
22800,-0.4540202777123523,-0.4724702380952381,-0.5555555555555556,-0.3508695652173913,0.20468599033816426,250
22850,-0.4530983730351408,-0.4696691176470588,-0.5555555555555556,-0.34557721139430286,0.20997834416125272,250
22900,-0.4527460407097949,-0.4654761904761905,-0.5555555555555556,-0.3508695652173913,0.20468599033816426,250
22950,-0.45208700445619343,-0.4654761904761905,-0.5555555555555556,-0.36,0.1955555555555556,250
23000,-0.4515293087384978,-0.46291208791208793,-0.5555555555555556,-0.36,0.1955555555555556,250
23050,-0.4503352848858764,-0.46291208791208793,-0.5541666666666667,-0.36,0.1941666666666667,250
23100,-0.4474639265515268,-0.46153846153846156,-0.5495967741935484,-0.35015527950310554,0.1994414946904428,250
23150,-0.4460354488134838,-0.46153846153846156,-0.5495967741935484,-0.34476902173913043,0.20482775245441792,250
23200,-0.4455647552418225,-0.46153846153846156,-0.5476539589442815,-0.34832506203473945,0.19932889690954203,250
23250,-0.4445757866157692,-0.46153846153846156,-0.5476539589442815,-0.3489010989010989,0.1987528600431826,250
23300,-0.4433384467389622,-0.46153846153846156,-0.5454545454545454,-0.3359375,0.20951704545454541,250
23350,-0.4426189829499332,-0.45993589743589747,-0.5454545454545454,-0.33333333333333337,0.21212121212121204,250
23400,-0.44173055982092607,-0.456439393939394,-0.5448051948051948,-0.33333333333333337,0.21147186147186148,250
23450,-0.4417547763451426,-0.456439393939394,-0.5448051948051948,-0.33333333333333337,0.21147186147186148,250
23500,-0.4409209692026398,-0.456439393939394,-0.5448051948051948,-0.33333333333333337,0.21147186147186148,250
23550,-0.4403011923247984,-0.4545454545454546,-0.5425595238095239,-0.33333333333333337,0.2092261904761905,250
23600,-0.4382532872711517,-0.45307917888563054,-0.5416666666666667,-0.33333333333333337,0.20833333333333337,250
23650,-0.4371948271361398,-0.45307917888563054,-0.5413851351351352,-0.33333333333333337,0.20805180180180183,250
23700,-0.4355877253107258,-0.449944382647386,-0.5405405405405406,-0.33333333333333337,0.2072072072072072,250
23750,-0.4336030300425607,-0.446360153256705,-0.5405405405405406,-0.33333333333333337,0.2072072072072072,250
23800,-0.43309708939662006,-0.446360153256705,-0.5400207900207901,-0.33333333333333337,0.2066874566874567,250
23850,-0.432494350549316,-0.446360153256705,-0.5413851351351352,-0.33333333333333337,0.20805180180180183,250
23900,-0.431949111816933,-0.446360153256705,-0.5400207900207901,-0.33333333333333337,0.2066874566874567,250
23950,-0.43129621646544025,-0.446360153256705,-0.5413851351351352,-0.33333333333333337,0.20805180180180183,250
24000,-0.4301737799687238,-0.4422222222222222,-0.5413851351351352,-0.33333333333333337,0.20805180180180183,250
24050,-0.42861078978660316,-0.4422222222222222,-0.5413851351351352,-0.33333333333333337,0.20805180180180183,250
24100,-0.4271817074920861,-0.4316770186335404,-0.5413851351351352,-0.3214285714285714,0.2199565637065638,250
24150,-0.42514294707332567,-0.4316770186335404,-0.5384615384615384,-0.3214285714285714,0.21703296703296704,250
24200,-0.4248019917323704,-0.4285714285714286,-0.5384615384615384,-0.3214285714285714,0.21703296703296704,250
24250,-0.42301512370895056,-0.4285714285714286,-0.5371794871794872,-0.3203571428571428,0.21682234432234437,250
24300,-0.42241745175127865,-0.4285714285714286,-0.5371794871794872,-0.3203571428571428,0.21682234432234437,250
24350,-0.42179356172996757,-0.4285714285714286,-0.5371794871794872,-0.3203571428571428,0.21682234432234437,250
24400,-0.4214639174611929,-0.4285714285714286,-0.5371794871794872,-0.3203571428571428,0.21682234432234437,250
24450,-0.4202182122443708,-0.4285714285714286,-0.5371794871794872,-0.3203571428571428,0.21682234432234437,250
24500,-0.4201496512053157,-0.4285714285714286,-0.5371794871794872,-0.3203571428571428,0.21682234432234437,250
24550,-0.41969062152957654,-0.4285714285714286,-0.530952380952381,-0.3203571428571428,0.21059523809523817,250
24600,-0.4178639304986411,-0.4285714285714286,-0.52,-0.31999999999999995,0.20000000000000007,250
24650,-0.4157799928501382,-0.4285714285714286,-0.52,-0.31999999999999995,0.20000000000000007,250
24700,-0.4143879712825327,-0.4285714285714286,-0.52,-0.31999999999999995,0.20000000000000007,250
24750,-0.41207928558568435,-0.4285714285714286,-0.52,-0.30518394648829433,0.21481605351170568,250
24800,-0.4110130584794572,-0.42582417582417587,-0.52,-0.3033596837944664,0.21664031620553365,250
24850,-0.4097541627515293,-0.418010752688172,-0.52,-0.3033596837944664,0.21664031620553365,250
24900,-0.40858888174221597,-0.41666666666666663,-0.52,-0.3033596837944664,0.21664031620553365,250
24950,-0.40628473248539804,-0.40909090909090906,-0.5196296296296297,-0.3033596837944664,0.2162699458351633,250
25000,-0.4055108314669318,-0.40909090909090906,-0.5196296296296297,-0.303030303030303,0.21659932659932668,250
25050,-0.40371404439107356,-0.40740740740740744,-0.5196296296296297,-0.3033596837944664,0.2162699458351633,250
25100,-0.4028493021767661,-0.40740740740740744,-0.5169632925472747,-0.3033596837944664,0.21360360875280832,250
25150,-0.4010673145543661,-0.40740740740740744,-0.5193103448275862,-0.303030303030303,0.21628004179728322,250
25200,-0.39888733065535,-0.403125,-0.5165024630541871,-0.29282407407407407,0.22367838898011305,250
25250,-0.3972827789971414,-0.403125,-0.5107142857142857,-0.28686635944700456,0.22384792626728112,250
25300,-0.3956196056226423,-0.4,-0.5,-0.28258064516129033,0.21741935483870967,250
25350,-0.3934242102126307,-0.4,-0.5,-0.2906586021505376,0.20934139784946237,250
25400,-0.39132472344552777,-0.4,-0.5,-0.28686635944700456,0.21313364055299544,250
25450,-0.39096356797694276,-0.4,-0.5,-0.28720238095238093,0.21279761904761907,250
25500,-0.39054220008945795,-0.4,-0.5,-0.28720238095238093,0.21279761904761907,250
25550,-0.389726731278307,-0.4,-0.5,-0.2857142857142857,0.2142857142857143,250
25600,-0.3895057686999234,-0.4,-0.5,-0.2857142857142857,0.2142857142857143,250
25650,-0.38806727801740043,-0.4,-0.5,-0.2814285714285715,0.21857142857142853,250
25700,-0.3862385090086315,-0.4,-0.5,-0.2735109717868338,0.2264890282131662,250
25750,-0.38403934299586795,-0.4,-0.5,-0.2701048951048951,0.2298951048951049,250
25800,-0.3819890591049019,-0.4,-0.5,-0.2701048951048951,0.2298951048951049,250
25850,-0.38102096361122245,-0.3920807453416149,-0.5,-0.2701048951048951,0.2298951048951049,250
25900,-0.37979473291344,-0.38920056100981765,-0.5,-0.26730769230769236,0.23269230769230764,250
25950,-0.3788805980547399,-0.3913043478260869,-0.5,-0.2651960784313725,0.2348039215686275,250
26000,-0.37751783930785077,-0.3913043478260869,-0.5,-0.2618286445012788,0.2381713554987212,250
26050,-0.3764028737221434,-0.3920807453416149,-0.5,-0.26086956521739135,0.23913043478260865,250
26100,-0.3757293482122327,-0.3920807453416149,-0.5,-0.2596618357487923,0.2403381642512077,250
26150,-0.37430721487009944,-0.3913043478260869,-0.5,-0.25,0.25,250
26200,-0.3733097051334592,-0.38920056100981765,-0.5,-0.25,0.25,250
26250,-0.3720910462278138,-0.3858560794044665,-0.513888888888889,-0.25,0.26388888888888895,250
26300,-0.37092529109529826,-0.3846153846153846,-0.5179211469534051,-0.25,0.2679211469534051,250
26350,-0.3690445435899855,-0.3846153846153846,-0.5120967741935484,-0.25,0.2620967741935484,250
26400,-0.367883188798899,-0.3858560794044665,-0.5,-0.24353448275862072,0.2564655172413793,250
26450,-0.3660122365302781,-0.3846153846153846,-0.5,-0.24353448275862072,0.2564655172413793,250
26500,-0.3643480698910604,-0.3766891891891892,-0.5,-0.2345238095238095,0.26547619047619053,250
26550,-0.36282096582353884,-0.36939571150097467,-0.5,-0.23076923076923073,0.2692307692307693,250
26600,-0.36135710522108083,-0.36278195488721804,-0.5,-0.23076923076923073,0.2692307692307693,250
26650,-0.3591740074347304,-0.36278195488721804,-0.5,-0.22814685314685315,0.2718531468531469,250
26700,-0.35788849389203553,-0.3642105263157895,-0.5,-0.22814685314685315,0.2718531468531469,250
26750,-0.3566949931395025,-0.3660287081339713,-0.5,-0.22814685314685315,0.2718531468531469,250
26800,-0.35559489072983486,-0.3660287081339713,-0.4959677419354839,-0.22814685314685315,0.26782088878863075,250
26850,-0.3547642388696178,-0.35857142857142854,-0.4959677419354839,-0.22814685314685315,0.26782088878863075,250
26900,-0.3529968880541043,-0.35599078341013823,-0.48243933588761173,-0.22814685314685315,0.25429248274075855,250
26950,-0.35132356712175106,-0.3524193548387097,-0.4814814814814815,-0.22814685314685315,0.2533346283346284,250
27000,-0.3499711472388964,-0.35,-0.48111111111111116,-0.22348484848484848,0.25762626262626265,250
27050,-0.3487226144753637,-0.35,-0.4814814814814815,-0.21961805555555555,0.26186342592592593,250
27100,-0.34695507019449867,-0.35,-0.48111111111111116,-0.21377840909090912,0.26733270202020204,250
27150,-0.34515825201853434,-0.34891304347826085,-0.48111111111111116,-0.2020833333333333,0.2790277777777779,250
27200,-0.3446215181641534,-0.34782608695652173,-0.48111111111111116,-0.2020833333333333,0.2790277777777779,250
27250,-0.34316284472004516,-0.34615384615384615,-0.48,-0.2020833333333333,0.2779166666666667,250
27300,-0.3417700182872187,-0.34782608695652173,-0.48,-0.20928030303030307,0.2707196969696969,250
27350,-0.3404185015571045,-0.34782608695652173,-0.48,-0.20928030303030307,0.2707196969696969,250
27400,-0.3386529997112958,-0.34698996655518394,-0.48,-0.19631410256410256,0.28368589743589745,250
27450,-0.3371589075876384,-0.34549071618037136,-0.48,-0.19631410256410256,0.28368589743589745,250
27500,-0.3353776259927594,-0.339080459770115,-0.48,-0.19631410256410256,0.28368589743589745,250
27550,-0.33471126298794807,-0.34549071618037136,-0.48,-0.19631410256410256,0.28368589743589745,250
27600,-0.3329340254269043,-0.34549071618037136,-0.47904761904761906,-0.19047619047619047,0.2885714285714286,250
27650,-0.3313899242382379,-0.34549071618037136,-0.47904761904761906,-0.19047619047619047,0.2885714285714286,250
27700,-0.3295964718026498,-0.34698996655518394,-0.47904761904761906,-0.18576388888888892,0.2932837301587301,250
27750,-0.32843369911004866,-0.34782608695652173,-0.47904761904761906,-0.18576388888888892,0.2932837301587301,250
27800,-0.32655518749240664,-0.34782608695652173,-0.47619047619047616,-0.18824404761904762,0.28794642857142855,250
27850,-0.3248269815819076,-0.34698996655518394,-0.47619047619047616,-0.18265993265993263,0.29353054353054353,250
27900,-0.322820854313713,-0.3385416666666667,-0.4738095238095238,-0.18265993265993263,0.29114959114959116,250
27950,-0.32052440180070874,-0.33333333333333337,-0.4732142857142857,-0.18265993265993263,0.29055435305435307,250
28000,-0.3193460249682015,-0.33333333333333337,-0.4732142857142857,-0.18181818181818177,0.29139610389610393,250
28050,-0.31729750052967703,-0.33333333333333337,-0.4642857142857143,-0.1793831168831169,0.2849025974025974,250
28100,-0.31473881282627497,-0.33333333333333337,-0.4642857142857143,-0.1793831168831169,0.2849025974025974,250
28150,-0.3132283436717735,-0.3273809523809524,-0.4635989010989011,-0.1793831168831169,0.2842157842157842,250
28200,-0.3122097224016005,-0.33333333333333337,-0.46279761904761907,-0.1785714285714286,0.28422619047619047,250
28250,-0.31079611075143715,-0.3273809523809524,-0.45738636363636365,-0.1785714285714286,0.27881493506493504,250
28300,-0.3082965768227727,-0.3158866995073891,-0.45738636363636365,-0.16666666666666663,0.290719696969697,250
28350,-0.30629841434074967,-0.3090185676392573,-0.45381231671554256,-0.16666666666666663,0.28714565004887593,250
28400,-0.3061399101476802,-0.3151724137931034,-0.45381231671554256,-0.16666666666666663,0.28714565004887593,250
28450,-0.30510584426603565,-0.31625,-0.45381231671554256,-0.16666666666666663,0.28714565004887593,250
28500,-0.3031483401882247,-0.31625,-0.4564935064935065,-0.16666666666666663,0.2898268398268399,250
28550,-0.30182342177927396,-0.31625,-0.4564935064935065,-0.16666666666666663,0.2898268398268399,250
28600,-0.30061193030815775,-0.31625,-0.45381231671554256,-0.15885416666666666,0.29495815004887593,250
28650,-0.2981598009113732,-0.31625,-0.45381231671554256,-0.15625,0.29756231671554256,250
28700,-0.29677481471568906,-0.31414473684210525,-0.45381231671554256,-0.14957264957264957,0.30423966714289297,250
28750,-0.2948542775839755,-0.3125,-0.45381231671554256,-0.14957264957264957,0.30423966714289297,250
28800,-0.2928586998098002,-0.3076923076923077,-0.449820788530466,-0.1441798941798942,0.30564089435057173,250
28850,-0.29092600705593097,-0.3076923076923077,-0.4433333333333333,-0.137987012987013,0.3053463203463203,250
28900,-0.2894835413734653,-0.3076923076923077,-0.4433333333333333,-0.1428571428571429,0.3004761904761904,250
28950,-0.2866849203733609,-0.3060200668896321,-0.43999999999999995,-0.14390756302521013,0.2960924369747898,250
29000,-0.28543180296406706,-0.3060200668896321,-0.43999999999999995,-0.1428571428571429,0.29714285714285704,250
29050,-0.2833198271498963,-0.29814814814814816,-0.43999999999999995,-0.13010752688172042,0.3098924731182795,250
29100,-0.28162760223788863,-0.2899159663865546,-0.43999999999999995,-0.13010752688172042,0.3098924731182795,250
29150,-0.2809194540897405,-0.2952069716775599,-0.43999999999999995,-0.13010752688172042,0.3098924731182795,250
29200,-0.2797007819543675,-0.2899159663865546,-0.43999999999999995,-0.12600806451612903,0.31399193548387094,250
29250,-0.2775095767645647,-0.2857142857142857,-0.43999999999999995,-0.125,0.31499999999999995,250
29300,-0.2763239551639432,-0.2857142857142857,-0.43999999999999995,-0.11948529411764708,0.32051470588235287,250
29350,-0.2739391286179401,-0.2857142857142857,-0.43999999999999995,-0.11217948717948723,0.3278205128205127,250
29400,-0.27268407079331713,-0.2857142857142857,-0.43999999999999995,-0.11217948717948723,0.3278205128205127,250
29450,-0.27029816873838275,-0.28,-0.43999999999999995,-0.11217948717948723,0.3278205128205127,250
29500,-0.26966440425005306,-0.28,-0.4371428571428571,-0.11595022624434392,0.3211926308985132,250
29550,-0.26730663102110336,-0.28,-0.4371428571428571,-0.11217948717948723,0.3249633699633699,250
29600,-0.2651574408707842,-0.28,-0.4285714285714286,-0.11111111111111116,0.31746031746031744,250
29650,-0.26332050043766764,-0.28,-0.4285714285714286,-0.11111111111111116,0.31746031746031744,250
29700,-0.26239413039688153,-0.28,-0.4285714285714286,-0.11111111111111116,0.31746031746031744,250
29750,-0.26005740080393686,-0.28,-0.4285714285714286,-0.09809027777777779,0.3304811507936508,250
29800,-0.25863604502983734,-0.28,-0.4285714285714286,-0.09809027777777779,0.3304811507936508,250
29850,-0.2564708984208301,-0.28,-0.4285714285714286,-0.08961397058823531,0.3389574579831933,250
29900,-0.2548440589699584,-0.27793103448275863,-0.42719780219780223,-0.08333333333333337,0.34386446886446886,250
29950,-0.2525255483018825,-0.274294670846395,-0.42719780219780223,-0.07769230769230764,0.3495054945054946,250
30000,-0.2508964015304423,-0.274294670846395,-0.4285714285714286,-0.07478632478632477,0.35378510378510386,250
30050,-0.24900692316672296,-0.274294670846395,-0.4285714285714286,-0.07407407407407407,0.35449735449735453,250
30100,-0.24786577070837554,-0.270979020979021,-0.42719780219780223,-0.07478632478632477,0.3524114774114775,250
30150,-0.24548611581415541,-0.2650501672240803,-0.42719780219780223,-0.07478632478632477,0.3524114774114775,250
30200,-0.24348594006994745,-0.26086956521739135,-0.42719780219780223,-0.07407407407407407,0.35312372812372816,250
30250,-0.24142110634045855,-0.2592592592592593,-0.42307692307692313,-0.07407407407407407,0.34900284900284906,250
30300,-0.2400605927877111,-0.2592592592592593,-0.42147435897435903,-0.07407407407407407,0.34740028490028496,250
30350,-0.23852054966450525,-0.2592592592592593,-0.41477272727272724,-0.07407407407407407,0.34069865319865317,250
30400,-0.23656910572543163,-0.2592592592592593,-0.40867003367003363,-0.07407407407407407,0.33459595959595956,250
30450,-0.2347579960177702,-0.2592592592592593,-0.40740740740740744,-0.07208994708994707,0.33531746031746035,250
30500,-0.23310107987570483,-0.2592592592592593,-0.40740740740740744,-0.07208994708994707,0.33531746031746035,250
30550,-0.23119924819872398,-0.2592592592592593,-0.40740740740740744,-0.07208994708994707,0.33531746031746035,250
30600,-0.22943386301017607,-0.2592592592592593,-0.40555555555555556,-0.07208994708994707,0.33346560846560847,250
30650,-0.22691198386218003,-0.25462962962962965,-0.4,-0.07208994708994707,0.32791005291005293,250
30700,-0.22507825067712114,-0.2592592592592593,-0.4,-0.057795698924731215,0.3422043010752688,250
30750,-0.22432397107986596,-0.2592592592592593,-0.40555555555555556,-0.05974264705882354,0.345812908496732,250
30800,-0.2223506895160515,-0.2592592592592593,-0.40555555555555556,-0.05974264705882354,0.345812908496732,250
30850,-0.21977005393585067,-0.2592592592592593,-0.3928571428571429,-0.05974264705882354,0.33311449579831937,250
30900,-0.21845154873734546,-0.25462962962962965,-0.3928571428571429,-0.04960317460317465,0.34325396825396826,250
30950,-0.21654420768415727,-0.25,-0.3928571428571429,-0.04761904761904767,0.34523809523809523,250
31000,-0.2143841890991611,-0.24621212121212122,-0.3914170506912443,-0.04761904761904767,0.3437980030721966,250
31050,-0.21147466315992075,-0.23904761904761906,-0.3914170506912443,-0.040416666666666684,0.35100038402457756,250
31100,-0.20964364954773065,-0.23809523809523814,-0.3914170506912443,-0.038846153846153836,0.35257089684509046,250
31150,-0.20818431074812868,-0.23809523809523814,-0.3864764267990074,-0.038846153846153836,0.34763027295285354,250
31200,-0.20689147858249518,-0.23809523809523814,-0.38369963369963367,-0.038846153846153836,0.3448534798534798,250
31250,-0.20459957697752906,-0.2272727272727273,-0.37410714285714286,-0.038461538461538436,0.3356456043956044,250
31300,-0.20271719581601746,-0.22474747474747475,-0.37384259259259256,-0.038461538461538436,0.3353810541310541,250
31350,-0.2010672987565552,-0.22474747474747475,-0.37037037037037035,-0.038461538461538436,0.3319088319088319,250
31400,-0.19942130383370163,-0.2222222222222222,-0.37037037037037035,-0.03703703703703709,0.33333333333333326,250
31450,-0.19816642212925473,-0.2204861111111111,-0.37037037037037035,-0.03703703703703709,0.33333333333333326,250
31500,-0.19811850097036582,-0.2204861111111111,-0.36944444444444446,-0.03425925925925927,0.3351851851851852,250
31550,-0.19667667817802736,-0.2204861111111111,-0.36590909090909096,-0.03425925925925927,0.3316498316498317,250
31600,-0.19529469464002508,-0.21980676328502413,-0.36363636363636365,-0.02987132352941177,0.33376504010695185,250
31650,-0.19316509101886975,-0.21980676328502413,-0.36363636363636365,-0.02987132352941177,0.33376504010695185,250
31700,-0.1916602986209739,-0.21739130434782605,-0.36363636363636365,-0.02987132352941177,0.33376504010695185,250
31750,-0.18928653157662287,-0.2142857142857143,-0.36363636363636365,-0.00735294117647059,0.3562834224598931,250
31800,-0.18770149315885656,-0.21212121212121215,-0.36272727272727273,-0.00735294117647059,0.3553743315508021,250
31850,-0.18624740876263643,-0.21320346320346323,-0.36272727272727273,0.0,0.36272727272727273,250
31900,-0.18392235216535477,-0.20344827586206893,-0.36,0.0,0.36,250
31950,-0.18188730608214598,-0.19999999999999996,-0.36,0.0,0.36,250
32000,-0.17903143299322896,-0.19999999999999996,-0.36,0.0,0.36,250
32050,-0.17649310472899435,-0.19999999999999996,-0.36,0.0,0.36,250
32100,-0.17481397461009027,-0.19999999999999996,-0.36,0.0,0.36,250
32150,-0.17298281625920173,-0.19139194139194138,-0.36,0.0,0.36,250
32200,-0.17194876504859877,-0.19047619047619047,-0.36,0.0,0.36,250
32250,-0.16944291036524708,-0.18783068783068785,-0.36,0.0,0.36,250
32300,-0.16869081587955512,-0.18518518518518523,-0.36,0.0,0.36,250
32350,-0.16673363480184106,-0.18518518518518523,-0.36,0.0,0.36,250
32400,-0.16459022102532384,-0.18181818181818177,-0.36,0.0,0.36,250
32450,-0.1625645055627935,-0.18019480519480519,-0.36,0.0,0.36,250
32500,-0.16085278493194244,-0.17752100840336138,-0.36,0.0,0.36,250
32550,-0.15847359077835468,-0.1751918158567775,-0.36,0.0,0.36,250
32600,-0.15675865249783244,-0.17391304347826086,-0.36,0.0,0.36,250
32650,-0.155733884467817,-0.17028985507246375,-0.36,0.0,0.36,250
32700,-0.15441690540370254,-0.16695652173913045,-0.36,0.0,0.36,250
32750,-0.15280735207846705,-0.16695652173913045,-0.36,0.03459821428571436,0.39459821428571434,250
32800,-0.14987356639511615,-0.15504807692307693,-0.36,0.03459821428571436,0.39459821428571434,250
32850,-0.14821036068181226,-0.15384615384615385,-0.36,0.03670634920634919,0.3967063492063492,250
32900,-0.1477359903897949,-0.15384615384615385,-0.36,0.03670634920634919,0.3967063492063492,250
32950,-0.14621028520732926,-0.15384615384615385,-0.36,0.03703703703703698,0.39703703703703697,250
33000,-0.1446578718072472,-0.15384615384615385,-0.34782608695652173,0.03703703703703698,0.3848631239935587,250
33050,-0.1445714559242796,-0.15268065268065267,-0.34782608695652173,0.03703703703703698,0.3848631239935587,250
33100,-0.14387696690672608,-0.15268065268065267,-0.34782608695652173,0.03703703703703698,0.3848631239935587,250
33150,-0.14187428274889272,-0.15268065268065267,-0.34782608695652173,0.038105413105413155,0.3859315000619349,250
33200,-0.13986489372795197,-0.15268065268065267,-0.34782608695652173,0.038105413105413155,0.3859315000619349,250
33250,-0.13820113215146218,-0.14907407407407408,-0.34782608695652173,0.03961538461538466,0.3874414715719064,250
33300,-0.13653993467716125,-0.14907407407407408,-0.34782608695652173,0.043025362318840576,0.3908514492753623,250
33350,-0.13432175997718748,-0.14907407407407408,-0.34782608695652173,0.05602240896358546,0.4038484959201072,250
33400,-0.13095066272249276,-0.14907407407407408,-0.3474080267558528,0.06158088235294118,0.408988909108794,250
33450,-0.12890963412146414,-0.14907407407407408,-0.34615384615384615,0.06562499999999999,0.41177884615384613,250
33500,-0.12575733054154445,-0.14907407407407408,-0.33333333333333337,0.06562499999999999,0.39895833333333336,250
33550,-0.12421840188784188,-0.14814814814814814,-0.33333333333333337,0.06562499999999999,0.39895833333333336,250
33600,-0.1232446847634426,-0.14814814814814814,-0.33333333333333337,0.0722222222222223,0.40555555555555567,250
33650,-0.12018453102157242,-0.1428571428571429,-0.33333333333333337,0.07407407407407418,0.40740740740740755,250
33700,-0.11808676752145598,-0.13714733542319751,-0.33333333333333337,0.07407407407407418,0.40740740740740755,250
33750,-0.1152333413222881,-0.13574938574938572,-0.33333333333333337,0.07407407407407418,0.40740740740740755,250
33800,-0.11249158714136098,-0.13574938574938572,-0.34114583333333337,0.0762108262108262,0.41735665954415957,250
33850,-0.11071375143636558,-0.13278495887191538,-0.34114583333333337,0.07692307692307687,0.41806891025641024,250
33900,-0.10890165203610347,-0.125,-0.34114583333333337,0.08173076923076916,0.42287660256410253,250
33950,-0.10748423887978593,-0.1225,-0.3303571428571429,0.08173076923076916,0.41208791208791207,250
34000,-0.1059643794901526,-0.11769230769230771,-0.32107142857142856,0.08700980392156854,0.4080812324929971,250
34050,-0.10421111678895298,-0.12,-0.32107142857142856,0.09024064171122986,0.4113120702826584,250
34100,-0.1011061129602535,-0.12,-0.31676136363636365,0.09024064171122986,0.4070020053475935,250
34150,-0.09792688527572742,-0.12,-0.3112980769230769,0.10000000000000009,0.411298076923077,250
34200,-0.09732066700134619,-0.11538461538461542,-0.3112980769230769,0.09772727272727277,0.4090253496503497,250
34250,-0.09551299633867551,-0.11111111111111116,-0.3112980769230769,0.09415584415584421,0.40545392107892114,250
34300,-0.09407944751628153,-0.11111111111111116,-0.3179945054945055,0.10000000000000009,0.41799450549450556,250
34350,-0.09195599845923502,-0.11111111111111116,-0.3068561872909699,0.11538461538461542,0.42224080267558534,250
34400,-0.08949370416737551,-0.11111111111111116,-0.3068561872909699,0.11538461538461542,0.42224080267558534,250
34450,-0.08845651780850981,-0.11111111111111116,-0.3068561872909699,0.11538461538461542,0.42224080267558534,250
34500,-0.08463110054252249,-0.10912698412698413,-0.3068561872909699,0.11538461538461542,0.42224080267558534,250
34550,-0.08281959871102065,-0.10912698412698413,-0.3023349436392915,0.11941176470588244,0.4217467083451739,250
34600,-0.080727875064297,-0.1071428571428571,-0.3023349436392915,0.11941176470588244,0.4217467083451739,250
34650,-0.07827107502831551,-0.1071428571428571,-0.3023349436392915,0.11941176470588244,0.4217467083451739,250
34700,-0.07544128346059212,-0.1071428571428571,-0.3068561872909699,0.12090909090909085,0.4277652782000608,250
34750,-0.07365117729560657,-0.10357142857142854,-0.3068561872909699,0.12090909090909085,0.4277652782000608,250
34800,-0.07117326571415675,-0.10357142857142854,-0.3068561872909699,0.13124999999999998,0.4381061872909699,250
34850,-0.0692603590831856,-0.10357142857142854,-0.3068561872909699,0.13124999999999998,0.4381061872909699,250
34900,-0.06697084265550649,-0.09545454545454546,-0.3068561872909699,0.1412337662337662,0.44808995352473613,250
34950,-0.06513831792996827,-0.09090909090909094,-0.3068561872909699,0.1412337662337662,0.44808995352473613,250
35000,-0.0629129854127176,-0.08695652173913049,-0.3023349436392915,0.14787581699346403,0.4502107606327555,250
35050,-0.06086552593982333,-0.08695652173913049,-0.3023349436392915,0.14814814814814814,0.4504830917874396,250
35100,-0.059045227649316315,-0.08695652173913049,-0.3023349436392915,0.14814814814814814,0.4504830917874396,250
35150,-0.0575307793943351,-0.08514492753623193,-0.3023349436392915,0.14814814814814814,0.4504830917874396,250
35200,-0.054628217201960316,-0.08166666666666667,-0.3068561872909699,0.14814814814814814,0.45500433543911806,250
35250,-0.053105716987264864,-0.08166666666666667,-0.2962962962962963,0.15846153846153838,0.45475783475783466,250
35300,-0.051845753148268774,-0.07846153846153842,-0.2962962962962963,0.15846153846153838,0.45475783475783466,250
35350,-0.049211702814405844,-0.07846153846153842,-0.2962962962962963,0.15999999999999992,0.4562962962962962,250
35400,-0.04728459981833012,-0.07846153846153842,-0.29513888888888884,0.15846153846153838,0.4536004273504272,250
35450,-0.04565574348947379,-0.07692307692307687,-0.29513888888888884,0.15999999999999992,0.45513888888888876,250
35500,-0.04266953284925332,-0.07417582417582413,-0.2901785714285714,0.1609677419354839,0.4511463133640553,250
35550,-0.04111846262318309,-0.07275132275132273,-0.2901785714285714,0.1609677419354839,0.4511463133640553,250
35600,-0.03775213646530522,-0.07549857549857547,-0.28,0.16532258064516137,0.4453225806451614,250
35650,-0.03417979875585422,-0.07549857549857547,-0.28428571428571425,0.18100649350649356,0.4652922077922078,250
35700,-0.032124531341726166,-0.07549857549857547,-0.28,0.18100649350649356,0.4610064935064936,250
35750,-0.030777644062209154,-0.07549857549857547,-0.28,0.1843434343434343,0.46434343434343434,250
35800,-0.02868915955959421,-0.07275132275132273,-0.2781818181818182,0.18518518518518512,0.4633670033670033,250
35850,-0.026342776976659904,-0.06573275862068967,-0.2781818181818182,0.18518518518518512,0.4633670033670033,250
35900,-0.023920776619459325,-0.06573275862068967,-0.27507836990595613,0.18692129629629628,0.4619996662022524,250
35950,-0.020481626415594704,-0.06573275862068967,-0.27507836990595613,0.19203629032258068,0.4671146602285368,250
36000,-0.0183559922550374,-0.0444664031620553,-0.27507836990595613,0.19203629032258068,0.4671146602285368,250
36050,-0.015679320130735547,-0.0444664031620553,-0.27507836990595613,0.19838709677419353,0.47346546668014966,250
36100,-0.014082173468648412,-0.0444664031620553,-0.2727272727272727,0.19838709677419353,0.47111436950146623,250
36150,-0.012361704838614564,-0.0444664031620553,-0.2727272727272727,0.19838709677419353,0.47111436950146623,250
36200,-0.009750861327621856,-0.04173913043478261,-0.2718531468531469,0.19838709677419353,0.4702402436273404,250
36250,-0.008252496837705639,-0.04173913043478261,-0.2718531468531469,0.1927803379416283,0.4646334847947752,250
36300,-0.005636387429460526,-0.039230769230769236,-0.2718531468531469,0.21117424242424243,0.4830273892773893,250
36350,-0.0028300729751325813,-0.03708791208791207,-0.26714046822742477,0.2202380952380953,0.48737856346552005,250
36400,-7.462941915606613e-05,-0.01785714285714285,-0.26046698872785834,0.22222222222222232,0.48268921095008066,250
36450,0.002446044369680413,0.0,-0.26046698872785834,0.22601010101010105,0.4864770897379594,250
36500,0.00463974622375752,0.0,-0.2592592592592593,0.22601010101010105,0.48526936026936035,250
36550,0.00723699907169253,0.0,-0.25,0.22989510489510495,0.47989510489510495,250
36600,0.009771591242768076,0.0,-0.25,0.22989510489510495,0.47989510489510495,250
36650,0.011769296959220465,0.0,-0.25,0.23269230769230775,0.48269230769230775,250
36700,0.015418906382788701,0.0,-0.25,0.23269230769230775,0.48269230769230775,250
36750,0.017748072444869263,0.0,-0.25,0.23269230769230775,0.48269230769230775,250
36800,0.01939514867601668,0.0,-0.2475,0.23269230769230775,0.48019230769230775,250
36850,0.021950668908731867,0.0,-0.2475,0.23269230769230775,0.48019230769230775,250
36900,0.024287934525562705,0.0,-0.24,0.24583333333333335,0.48583333333333334,250
36950,0.02676894869231856,0.0,-0.23952380952380953,0.24702380952380953,0.48654761904761906,250
37000,0.029503884739218684,0.0,-0.23952380952380953,0.24702380952380953,0.48654761904761906,250
37050,0.031242974170392804,0.0,-0.23952380952380953,0.2569444444444445,0.496468253968254,250
37100,0.03242816786596174,0.0,-0.23626373626373628,0.2648148148148148,0.501078551078551,250
37150,0.03526153560336175,0.0,-0.23269230769230764,0.2648148148148148,0.4975071225071224,250
37200,0.03841840694447407,0.0,-0.23269230769230764,0.2667378917378917,0.49943019943019934,250
37250,0.04139806235168605,0.0,-0.2286324786324786,0.26617647058823524,0.49480894922071383,250
37300,0.04316520508844503,0.0,-0.2286324786324786,0.2685897435897435,0.4972222222222221,250
37350,0.04635898388003286,0.0,-0.2286324786324786,0.27564102564102555,0.5042735042735041,250
37400,0.04888042143603563,0.0,-0.2286324786324786,0.27564102564102555,0.5042735042735041,250
37450,0.05094625147981963,0.017857142857142905,-0.2286324786324786,0.27564102564102555,0.5042735042735041,250
37500,0.052026254067737546,0.03509852216748777,-0.22101449275362317,0.27564102564102555,0.4966555183946487,250
37550,0.05453332117936987,0.036375661375661394,-0.22101449275362317,0.27564102564102555,0.4966555183946487,250
37600,0.05620477259845103,0.036375661375661394,-0.22101449275362317,0.27564102564102555,0.4966555183946487,250
37650,0.05686924322651913,0.036375661375661394,-0.20833333333333337,0.26923076923076916,0.47756410256410253,250
37700,0.05953339930906397,0.03846153846153855,-0.20833333333333337,0.28,0.4883333333333334,250
37750,0.06081892195871705,0.03846153846153855,-0.20833333333333337,0.2922222222222222,0.5005555555555556,250
37800,0.06300257213176082,0.03923076923076929,-0.20833333333333337,0.2922222222222222,0.5005555555555556,250
37850,0.06524406444781836,0.03923076923076929,-0.20625000000000002,0.2990740740740741,0.5053240740740741,250
37900,0.0693241744623657,0.03846153846153855,-0.20625000000000002,0.30000000000000004,0.5062500000000001,250
37950,0.07186590647140152,0.03923076923076929,-0.19807692307692304,0.3136363636363636,0.5117132867132866,250
38000,0.07451162939193702,0.03846153846153855,-0.19047619047619047,0.3136363636363636,0.5041125541125541,250
38050,0.07727899362217838,0.04975429975429968,-0.1875,0.3136363636363636,0.5011363636363636,250
38100,0.07882164323314017,0.04975429975429968,-0.1845238095238095,0.3136363636363636,0.49816017316017314,250
38150,0.08314253975623163,0.05643879173290933,-0.1845238095238095,0.3195454545454546,0.5040692640692641,250
38200,0.08500259091696497,0.061553030303030276,-0.1845238095238095,0.3195454545454546,0.5040692640692641,250
38250,0.08906945530337242,0.06573275862068961,-0.16666666666666663,0.3195454545454546,0.4862121212121212,250
38300,0.09101858254867613,0.06573275862068961,-0.16666666666666663,0.32999999999999996,0.4966666666666666,250
38350,0.09322650226587578,0.07019704433497531,-0.16666666666666663,0.32999999999999996,0.4966666666666666,250
38400,0.09584745756262379,0.07407407407407418,-0.16666666666666663,0.342948717948718,0.5096153846153846,250
38450,0.09823945811041705,0.07407407407407418,-0.16666666666666663,0.34615384615384626,0.5128205128205129,250
38500,0.10039790622041687,0.07549857549857553,-0.18055555555555558,0.34615384615384626,0.5267094017094018,250
38550,0.10335350619029648,0.07692307692307687,-0.18055555555555558,0.35653846153846164,0.5370940170940173,250
38600,0.10730501937133696,0.07692307692307687,-0.17803030303030298,0.35653846153846164,0.5345687645687647,250
38650,0.10995570361287497,0.09307359307359309,-0.17803030303030298,0.34615384615384626,0.5241841491841492,250
38700,0.11294103900239183,0.09307359307359309,-0.16666666666666663,0.34615384615384626,0.5128205128205129,250
38750,0.11486722369936923,0.09307359307359309,-0.16666666666666663,0.35823529411764715,0.5249019607843137,250
38800,0.11731784854567624,0.09307359307359309,-0.16666666666666663,0.3600000000000001,0.5266666666666667,250
38850,0.11945743371342411,0.10119047619047628,-0.1755952380952381,0.35823529411764715,0.5338305322128852,250
38900,0.12280050158412172,0.10119047619047628,-0.1755952380952381,0.3600000000000001,0.5355952380952382,250
38950,0.12538138331704918,0.10119047619047628,-0.16666666666666663,0.36777777777777787,0.5344444444444445,250
39000,0.12746331159810792,0.1071428571428572,-0.16666666666666663,0.36500000000000005,0.5316666666666667,250
39050,0.1298054808759207,0.10912698412698418,-0.16666666666666663,0.3694444444444445,0.5361111111111112,250
39100,0.13247718851637502,0.10912698412698418,-0.16666666666666663,0.3738425925925926,0.5405092592592593,250
39150,0.1339871151439703,0.10912698412698418,-0.16666666666666663,0.38221153846153844,0.5488782051282051,250
39200,0.1368313757845195,0.10912698412698418,-0.16499999999999998,0.3846153846153846,0.5496153846153846,250
39250,0.13819291572261116,0.11324786324786329,-0.15703703703703706,0.3846153846153846,0.5416524216524217,250
39300,0.14008602893970562,0.11324786324786329,-0.14814814814814814,0.38963210702341133,0.5377802551715595,250
39350,0.1422890918092236,0.11324786324786329,-0.14559386973180077,0.38963210702341133,0.5352259767552121,250
39400,0.1452169315466796,0.12250000000000005,-0.1375391849529781,0.39782608695652166,0.5353652719094998,250
39450,0.14750305531655375,0.125,-0.13636363636363635,0.4033816425120773,0.5397452788757137,250
39500,0.15004349096531008,0.12701612903225812,-0.13636363636363635,0.40867003367003374,0.5450336700336701,250
39550,0.15119081189719616,0.12701612903225812,-0.1356060606060606,0.41109625668449207,0.5467023172905526,250
39600,0.15202734224158235,0.12771739130434778,-0.1356060606060606,0.39782608695652166,0.5334321475625823,250
39650,0.15445201694898492,0.13664596273291918,-0.13636363636363635,0.3924689440993788,0.5288325804630152,250
39700,0.15616093120992253,0.13664596273291918,-0.13124999999999998,0.3924689440993788,0.5237189440993788,250
39750,0.15863326047058612,0.13664596273291918,-0.13124999999999998,0.3924689440993788,0.5237189440993788,250
39800,0.16205245322701278,0.13664596273291918,-0.12907608695652176,0.39821428571428563,0.5272903726708074,250
39850,0.1623960262486676,0.13664596273291918,-0.13043478260869568,0.3999999999999999,0.5304347826086956,250
39900,0.16654218814454397,0.13664596273291918,-0.125,0.3999999999999999,0.5249999999999999,250
39950,0.1690559498475853,0.13664596273291918,-0.12375,0.3999999999999999,0.5237499999999999,250
40000,0.171922492346856,0.13664596273291918,-0.12375,0.4154411764705883,0.5391911764705883,250
40050,0.17543631056764308,0.14550264550264547,-0.12375,0.4291666666666667,0.5529166666666667,250
40100,0.17842663676128143,0.14550264550264547,-0.11884615384615385,0.4392156862745098,0.5580618401206636,250
40150,0.18094138248670932,0.14814814814814814,-0.11884615384615385,0.4395780051150895,0.5584241589612433,250
40200,0.18266259123788017,0.14814814814814814,-0.11884615384615385,0.4395780051150895,0.5584241589612433,250
40250,0.1855563370411912,0.15407407407407403,-0.11538461538461542,0.45120320855614976,0.5665878239407651,250
40300,0.1873167572570462,0.15407407407407403,-0.11111111111111116,0.45979020979020974,0.570901320901321,250
40350,0.19116684623436908,0.15692307692307683,-0.11111111111111116,0.45979020979020974,0.570901320901321,250
40400,0.19579760438888238,0.15999999999999992,-0.0967391304347826,0.46960784313725495,0.5663469735720376,250
40450,0.19930802632539082,0.16954022988505746,-0.0967391304347826,0.48111111111111104,0.5778502415458937,250
40500,0.2025345693522833,0.1762422360248448,-0.08695652173913049,0.48111111111111104,0.5680676328502415,250
40550,0.20523993296262444,0.1762422360248448,-0.08695652173913049,0.48111111111111104,0.5680676328502415,250
40600,0.2085068115569836,0.18019480519480524,-0.08605072463768121,0.48111111111111104,0.5671618357487922,250
40650,0.21168187029719154,0.1887464387464387,-0.08173076923076925,0.49537037037037035,0.5771011396011396,250
40700,0.2135467610274196,0.1923076923076923,-0.07692307692307687,0.49537037037037035,0.5722934472934472,250
40750,0.2152202255925851,0.1923076923076923,-0.07692307692307687,0.5,0.5769230769230769,250
40800,0.21804491210433385,0.1923076923076923,-0.07692307692307687,0.5,0.5769230769230769,250
40850,0.2195134129614322,0.1887464387464387,-0.07692307692307687,0.5,0.5769230769230769,250
40900,0.2219999283621886,0.1887464387464387,-0.07692307692307687,0.5,0.5769230769230769,250
40950,0.2236276382901753,0.1923076923076923,-0.07692307692307687,0.5,0.5769230769230769,250
41000,0.22809396749448194,0.19615384615384612,-0.07692307692307687,0.5,0.5769230769230769,250
41050,0.2313125872224408,0.19999999999999996,-0.07692307692307687,0.513888888888889,0.5908119658119658,250
41100,0.23274122916409626,0.20606060606060606,-0.07999999999999996,0.5,0.58,250
41150,0.23565395411272913,0.21717171717171724,-0.07923076923076919,0.5,0.5792307692307692,250
41200,0.23874824994018767,0.2247474747474748,-0.07923076923076919,0.5,0.5792307692307692,250
41250,0.24256036180824483,0.22902097902097907,-0.07923076923076919,0.5,0.5792307692307692,250
41300,0.24444313258014602,0.2344322344322345,-0.07923076923076919,0.5296296296296297,0.6088603988603989,250
41350,0.24692270696701382,0.2344322344322345,-0.07435897435897432,0.5296296296296297,0.603988603988604,250
41400,0.2504480669391343,0.2344322344322345,-0.07493368700265249,0.5437062937062938,0.6186399807089462,250
41450,0.25329990592041784,0.23205128205128212,-0.07493368700265249,0.553030303030303,0.6279639900329554,250
41500,0.25658555507024844,0.23205128205128212,-0.06190476190476191,0.553030303030303,0.6149350649350649,250
41550,0.2586621760418695,0.23205128205128212,-0.06190476190476191,0.553030303030303,0.6149350649350649,250
41600,0.2604575569312076,0.23571428571428577,-0.06190476190476191,0.553030303030303,0.6149350649350649,250
41650,0.26267191438135773,0.23571428571428577,-0.04658385093167705,0.553030303030303,0.59961415396198,250
41700,0.2667534602287944,0.2583333333333333,-0.04658385093167705,0.5437062937062938,0.5902901446379708,250
41750,0.2693870722633518,0.2596153846153846,-0.06190476190476191,0.5437062937062938,0.6056110556110557,250
41800,0.27175282318364546,0.26923076923076916,-0.04658385093167705,0.5377747252747254,0.5843585762064024,250
41850,0.2749636800426651,0.26923076923076916,-0.04658385093167705,0.5585284280936456,0.6051122790253226,250
41900,0.27673377288048606,0.27097902097902093,-0.0426086956521739,0.5585284280936456,0.6011371237458194,250
41950,0.2792222913990046,0.2727272727272727,-0.040000000000000036,0.5593297101449276,0.5993297101449276,250
42000,0.2818746539174315,0.27636363636363637,-0.040000000000000036,0.5639130434782609,0.6039130434782609,250
42050,0.2843593963852385,0.27636363636363637,-0.040000000000000036,0.5652173913043479,0.6052173913043479,250
42100,0.28711549279493237,0.27636363636363637,-0.040000000000000036,0.566304347826087,0.606304347826087,250
42150,0.290607496628449,0.280625,-0.040000000000000036,0.566304347826087,0.606304347826087,250
42200,0.295063771556104,0.280625,-0.039615384615384636,0.566304347826087,0.6059197324414716,250
42250,0.29783928282449246,0.280625,-0.028846153846153827,0.5666666666666667,0.5955128205128205,250
42300,0.30117869145119447,0.2834821428571429,0.0,0.5702380952380952,0.5702380952380952,250
42350,0.3045203196348092,0.2834821428571429,0.0,0.5883838383838383,0.5883838383838383,250
42400,0.30772271530129147,0.2834821428571429,0.0,0.5925925925925926,0.5925925925925926,250
42450,0.3114543022247966,0.2834821428571429,0.0,0.5981481481481482,0.5981481481481482,250
42500,0.31455685736265865,0.2834821428571429,0.0,0.6000000000000001,0.6000000000000001,250
42550,0.3179713962858932,0.29100529100529104,0.0,0.6000000000000001,0.6000000000000001,250
42600,0.32167616022528195,0.3060200668896321,0.0,0.6170814479638009,0.6170814479638009,250
42650,0.32361104060074625,0.3060200668896321,0.0,0.6170814479638009,0.6170814479638009,250
42700,0.3262548484091035,0.3129370629370629,0.0,0.6170814479638009,0.6170814479638009,250
42750,0.3293067073955277,0.3181818181818181,0.0,0.6266339869281046,0.6266339869281046,250
42800,0.33157101485172324,0.3181818181818181,0.0,0.6186974789915967,0.6186974789915967,250
42850,0.33328493915608237,0.3181818181818181,0.0,0.6296296296296295,0.6296296296296295,250
42900,0.33575044827659145,0.3190909090909091,0.0,0.6296296296296295,0.6296296296296295,250
42950,0.3390708627475899,0.33333333333333326,0.0,0.6296296296296295,0.6296296296296295,250
43000,0.341804707512266,0.32071428571428573,0.0,0.6474637681159421,0.6474637681159421,250
43050,0.345562044136896,0.3214285714285714,0.0,0.6538461538461537,0.6538461538461537,250
43100,0.3496027086625381,0.3214285714285714,0.0,0.6666666666666667,0.6666666666666667,250
43150,0.35360369131577024,0.3214285714285714,0.008064516129032251,0.6666666666666667,0.6586021505376345,250
43200,0.35644111294101155,0.32738095238095233,0.03252688172043011,0.6666666666666667,0.6341397849462367,250
43250,0.3584395222069403,0.3325892857142857,0.03252688172043011,0.6666666666666667,0.6341397849462367,250
43300,0.36375308815817486,0.34741379310344833,0.03252688172043011,0.6755952380952381,0.6430683563748081,250
43350,0.3658742928474831,0.3500000000000001,0.03252688172043011,0.6755952380952381,0.6430683563748081,250
43400,0.3693494333509949,0.3500000000000001,0.03252688172043011,0.6755952380952381,0.6430683563748081,250
43450,0.37229002425586544,0.3600000000000001,0.008064516129032251,0.6755952380952381,0.6675307219662059,250
43500,0.375008224819424,0.3618181818181818,0.008064516129032251,0.678046218487395,0.6699817023583627,250
43550,0.3774747955695922,0.3600000000000001,0.008064516129032251,0.6974206349206349,0.6893561187916026,250
43600,0.3814589523192753,0.3600000000000001,0.008064516129032251,0.6974206349206349,0.6893561187916026,250
43650,0.3842491007845729,0.3600000000000001,0.008064516129032251,0.6974206349206349,0.6893561187916026,250
43700,0.38788934055526886,0.3618181818181818,0.036401098901098994,0.7016908212560387,0.6652897223549397,250
43750,0.3907479032364102,0.3618181818181818,0.03884615384615392,0.7016908212560387,0.6628446674098847,250
43800,0.3941258989583103,0.36363636363636354,0.03884615384615392,0.712797619047619,0.6739514652014651,250
43850,0.39832580712043025,0.36363636363636354,0.036401098901098994,0.7266483516483517,0.6902472527472527,250
43900,0.4009488121671819,0.36363636363636354,0.036401098901098994,0.7266483516483517,0.6902472527472527,250
43950,0.4040290346581616,0.38278388278388276,0.040000000000000036,0.712797619047619,0.6727976190476189,250
44000,0.4070361758232567,0.39208074534161486,0.040000000000000036,0.712797619047619,0.6727976190476189,250
44050,0.4098697133809758,0.3928571428571428,0.04041666666666671,0.724025974025974,0.6836093073593072,250
44100,0.4126769799566748,0.3928571428571428,0.04041666666666671,0.724025974025974,0.6836093073593072,250
44150,0.41570333063317466,0.3999999999999999,0.04211956521739135,0.7266483516483517,0.6845287864309604,250
44200,0.41895114992157795,0.3999999999999999,0.04211956521739135,0.7341628959276019,0.6920433307102105,250
44250,0.4227544665912747,0.3999999999999999,0.04347826086956519,0.7341628959276019,0.6906846350580367,250
44300,0.4264696551246259,0.3999999999999999,0.04347826086956519,0.7381713554987213,0.6946930946291561,250
44350,0.4304858492626784,0.3999999999999999,0.0607843137254902,0.7381713554987213,0.6773870417732311,250
44400,0.4336208311951919,0.3999999999999999,0.0607843137254902,0.7381713554987213,0.6773870417732311,250
44450,0.4367034379106165,0.4082491582491583,0.0607843137254902,0.7643280632411067,0.7035437495156165,250
44500,0.4403612640495596,0.4082491582491583,0.06263616557734208,0.7643280632411067,0.7016918976637646,250
44550,0.4450563465257587,0.41287878787878796,0.07478632478632485,0.7643280632411067,0.6895417384547818,250
44600,0.4478321917709814,0.41287878787878796,0.07555555555555565,0.7727272727272727,0.6971717171717171,250
44650,0.45181200683722,0.4285714285714286,0.08083333333333337,0.7727272727272727,0.6918939393939394,250
44700,0.4559074542568489,0.4285714285714286,0.08941093969144454,0.7765151515151514,0.6871042118237068,250
44750,0.46043420144378205,0.43167701863354035,0.0866935483870967,0.7765151515151514,0.6898216031280546,250
44800,0.463247797861772,0.44239130434782603,0.07974910394265239,0.7765151515151514,0.696766047572499,250
44850,0.46917578690445305,0.44239130434782603,0.07974910394265239,0.7873376623376623,0.7075885583950099,250
44900,0.4725536998326729,0.4564393939393939,0.07974910394265239,0.7873376623376623,0.7075885583950099,250
44950,0.47638586413790174,0.4564393939393939,0.07974910394265239,0.8111111111111111,0.7313620071684588,250
45000,0.4796427316985755,0.4564393939393939,0.07974910394265239,0.8173400673400673,0.7375909633974149,250
45050,0.48201676107538755,0.4564393939393939,0.07974910394265239,0.8173400673400673,0.7375909633974149,250
45100,0.4855033467647679,0.4613095238095237,0.08440170940170949,0.8213507625272332,0.7369490531255236,250
45150,0.4894532914419465,0.4613095238095237,0.08440170940170949,0.8221925133689839,0.7377908039672745,250
45200,0.4918759290847878,0.4564393939393939,0.08440170940170949,0.8232689210950079,0.7388672116932984,250
45250,0.4947218136249009,0.4564393939393939,0.08440170940170949,0.8232689210950079,0.7388672116932984,250
45300,0.49835211622141035,0.4594155844155844,0.10643236074270557,0.8315217391304347,0.7250893783877291,250
45350,0.5020791793017261,0.4594155844155844,0.10643236074270557,0.8315217391304347,0.7250893783877291,250
45400,0.5037233636256844,0.458041958041958,0.11653846153846159,0.8315217391304347,0.7149832775919731,250
45450,0.5071062646837942,0.458041958041958,0.11653846153846159,0.8518270944741533,0.7352886329356917,250
45500,0.5110048310537249,0.46153846153846145,0.11653846153846159,0.8609625668449197,0.7444241053064581,250
45550,0.5137170063001797,0.46153846153846145,0.11653846153846159,0.8609625668449197,0.7444241053064581,250
45600,0.5153252120979721,0.46153846153846145,0.11653846153846159,0.8636363636363635,0.747097902097902,250
45650,0.5187616101685005,0.46153846153846145,0.11653846153846159,0.8636363636363635,0.747097902097902,250
45700,0.5244830496649614,0.4642857142857142,0.1200000000000001,0.8814616755793226,0.7614616755793225,250
45750,0.5290116348794696,0.4821428571428571,0.1200000000000001,0.8955882352941176,0.7755882352941175,250
45800,0.5327832179889844,0.4821428571428571,0.1200000000000001,0.8955882352941176,0.7755882352941175,250
45850,0.5354335820956776,0.4821428571428571,0.12125000000000008,0.9024064171122995,0.7811564171122994,250
45900,0.5399883385814739,0.47023809523809523,0.1263586956521739,0.9024064171122995,0.7760477214601256,250
45950,0.5425496919065229,0.48913043478260865,0.1263586956521739,0.9024064171122995,0.7760477214601256,250
46000,0.5454375593661523,0.4772256728778468,0.15111111111111108,0.9024064171122995,0.7512953060011884,250
46050,0.5495868832974996,0.4772256728778468,0.15111111111111108,0.9090909090909092,0.7579797979797981,250
46100,0.5537411534766333,0.4772256728778468,0.16166666666666663,0.9090909090909092,0.7474242424242425,250
46150,0.5574342104932585,0.48913043478260865,0.16166666666666663,0.9120553359683795,0.7503886693017129,250
46200,0.5600192247382728,0.5,0.1684782608695653,0.9090909090909092,0.7406126482213439,250
46250,0.5641677258828518,0.5,0.176731078904992,0.9090909090909092,0.7323598301859171,250
46300,0.5665879957883849,0.5,0.176731078904992,0.9090909090909092,0.7323598301859171,250
46350,0.5717374873451697,0.5201288244766507,0.176731078904992,0.9120553359683795,0.7353242570633876,250
46400,0.5755479586499105,0.5287267080745343,0.176731078904992,0.9120553359683795,0.7353242570633876,250
46450,0.579315861415563,0.5301003344481606,0.176731078904992,0.9182608695652174,0.7415297906602254,250
46500,0.5807094022970583,0.5370879120879122,0.18022486772486773,0.9264285714285714,0.7462037037037037,250
46550,0.5847198181985912,0.5287267080745343,0.18154761904761907,0.9299999999999999,0.7484523809523809,250
46600,0.5870357415345144,0.5287267080745343,0.1696428571428572,0.9299999999999999,0.7603571428571427,250
46650,0.5917944192878556,0.5357142857142858,0.18154761904761907,0.9492424242424242,0.7676948051948052,250
46700,0.596714777581414,0.5454545454545454,0.18154761904761907,0.9492424242424242,0.7676948051948052,250
46750,0.5987248504388397,0.5454545454545454,0.18154761904761907,0.9618055555555556,0.7802579365079365,250
46800,0.60234905843346,0.541958041958042,0.18154761904761907,0.9618055555555556,0.7802579365079365,250
46850,0.6057392615779429,0.5454545454545454,0.19494047619047616,0.9618055555555556,0.7668650793650794,250
46900,0.6098633866742036,0.5454545454545454,0.19841269841269843,0.962962962962963,0.7645502645502646,250
46950,0.6139382761796259,0.5454545454545454,0.19841269841269843,0.962962962962963,0.7645502645502646,250
47000,0.6163565808903522,0.5634920634920635,0.22222222222222232,0.962962962962963,0.7407407407407407,250
47050,0.6200379615088685,0.5741758241758241,0.22666666666666674,0.9660714285714285,0.7394047619047617,250
47100,0.6245927821973082,0.5741758241758241,0.24,0.9916666666666667,0.7516666666666667,250
47150,0.6297956749230783,0.5825791855203619,0.24,1.0,0.76,250
47200,0.6342004876920518,0.5825791855203619,0.22666666666666674,1.0,0.7733333333333332,250
47250,0.6389314890822348,0.5825791855203619,0.22666666666666674,1.0,0.7733333333333332,250
47300,0.6431796597562961,0.5825791855203619,0.22666666666666674,1.0,0.7733333333333332,250
47350,0.6481566001186713,0.5801282051282051,0.24,1.0,0.76,250
47400,0.6524291176321101,0.5895721925133689,0.2385714285714286,1.0,0.7614285714285713,250
47450,0.65508316712529,0.5895721925133689,0.2385714285714286,1.0,0.7614285714285713,250
47500,0.6599654086966396,0.5895721925133689,0.2385714285714286,1.0,0.7614285714285713,250
47550,0.6655686992570657,0.599025974025974,0.24481481481481482,1.0,0.7551851851851852,250
47600,0.6683128471911154,0.6071428571428572,0.24481481481481482,1.0,0.7551851851851852,250
47650,0.6727257496638814,0.6071428571428572,0.2596618357487923,1.0,0.7403381642512077,250
47700,0.6771819600826623,0.6071428571428572,0.2596618357487923,1.0,0.7403381642512077,250
47750,0.6807868526178023,0.6071428571428572,0.26086956521739135,1.0234375,0.7625679347826086,250
47800,0.6855407000659459,0.6112637362637363,0.2596618357487923,1.0234375,0.7637756642512077,250
47850,0.6897062108739502,0.6165158371040724,0.2596618357487923,1.0333333333333332,0.7736714975845409,250
47900,0.6946165790348289,0.6165158371040724,0.2596618357487923,1.0341954022988504,0.7745335665500581,250
47950,0.6980688234378591,0.6213235294117647,0.2596618357487923,1.0430253623188408,0.7833635265700485,250
48000,0.7019651907685431,0.6325,0.2596618357487923,1.0430253623188408,0.7833635265700485,250
48050,0.7067989472577716,0.6435294117647058,0.26708074534161497,1.0430253623188408,0.7759446169772258,250
48100,0.711164437651672,0.6449579831932772,0.27173913043478265,1.0470779220779218,0.7753387916431391,250
48150,0.7150959363059968,0.6449579831932772,0.28608695652173916,1.0640120967741935,0.7779251402524543,250
48200,0.7188920022257359,0.6449579831932772,0.28608695652173916,1.0582386363636362,0.772151679841897,250
48250,0.7235975335846774,0.6435294117647058,0.28608695652173916,1.0640120967741935,0.7779251402524543,250
48300,0.726544529400727,0.6435294117647058,0.3058470764617691,1.0942307692307693,0.7883836927690002,250
48350,0.729957470386605,0.6435294117647058,0.3058470764617691,1.0950000000000002,0.7891529235382311,250
48400,0.7327137651896007,0.6449579831932772,0.3058470764617691,1.0852173913043477,0.7793703148425786,250
48450,0.7355069398833455,0.6449579831932772,0.3058470764617691,1.0860507246376812,0.780203648175912,250
48500,0.740182575418508,0.6449579831932772,0.3058470764617691,1.1083333333333334,0.8024862568715643,250
48550,0.7443581921852538,0.6449579831932772,0.3058470764617691,1.1277777777777778,0.8219307013160086,250
48600,0.7496960600722873,0.649616368286445,0.3058470764617691,1.1277777777777778,0.8219307013160086,250
48650,0.7539325209293322,0.6628151260504201,0.3058470764617691,1.1288461538461538,0.8229990773843847,250
48700,0.7569499687835402,0.6785714285714286,0.31230407523510967,1.132258064516129,0.8199539892810195,250
48750,0.7609879316707251,0.6861538461538461,0.3203571428571429,1.132258064516129,0.8119009216589862,250
48800,0.7652856583845687,0.6861538461538461,0.3203571428571429,1.132258064516129,0.8119009216589862,250
48850,0.7705688780014618,0.6939799331103679,0.3203571428571429,1.1356060606060605,0.8152489177489176,250
48900,0.773479240338474,0.7026515151515151,0.3203571428571429,1.1570370370370373,0.8366798941798944,250
48950,0.7782162653048668,0.7026515151515151,0.32440476190476186,1.1609677419354838,0.8365629800307219,250
49000,0.7830290416169823,0.7113095238095237,0.3272783251231527,1.165322580645161,0.8380442555220083,250
49050,0.7881841762127376,0.7142857142857142,0.3272783251231527,1.1666666666666665,0.8393883415435138,250
49100,0.7958105863071306,0.7171428571428571,0.3272783251231527,1.1721014492753623,0.8448231241522096,250
49150,0.8021854897048601,0.7307692307692308,0.3272783251231527,1.1739130434782608,0.8466347183551081,250
49200,0.8047292116897581,0.7307692307692308,0.3272783251231527,1.1905270655270657,0.863248740403913,250
49250,0.8117704385776635,0.7307692307692308,0.3272783251231527,1.1980769230769233,0.8707985979537706,250
49300,0.8175222057937106,0.7426470588235294,0.3362068965517241,1.215126811594203,0.878919915042479,250
49350,0.8229478194961742,0.755,0.34557721139430286,1.215126811594203,0.8695496001999002,250
49400,0.8278248087129375,0.7559523809523809,0.34557721139430286,1.2210144927536233,0.8754372813593204,250
49450,0.8324069323122424,0.7559523809523809,0.3587662337662338,1.2210144927536233,0.8622482589873894,250
49500,0.8362524253646013,0.7619047619047619,0.3587662337662338,1.2260101010101008,0.8672438672438669,250
49550,0.841862637574528,0.7619047619047619,0.3643939393939393,1.2307692307692308,0.8663752913752916,250
49600,0.847030665758673,0.7619047619047619,0.37282608695652175,1.236904761904762,0.8640786749482402,250
49650,0.852444537155064,0.7735042735042734,0.37282608695652175,1.236904761904762,0.8640786749482402,250
49700,0.8571012602665997,0.7735042735042734,0.3916925465838509,1.25,0.8583074534161491,250
49750,0.8618180096745254,0.7857142857142858,0.3916925465838509,1.25,0.8583074534161491,250
49800,0.8664102602964904,0.7857142857142858,0.3916925465838509,1.2560483870967745,0.8643558405129236,250
49850,0.8715060106947312,0.7886904761904763,0.39347826086956517,1.2608695652173911,0.867391304347826,250
49900,0.8750871106900127,0.7916666666666667,0.39347826086956517,1.2604669887278581,0.866988727858293,250
49950,0.8785561378786645,0.8,0.3913043478260869,1.2608695652173911,0.8695652173913042,250
50000,0.882182018660385,0.8,0.3913043478260869,1.2844086021505379,0.893104254324451,250
50050,0.8864313884235321,0.8,0.3913043478260869,1.2844086021505379,0.893104254324451,250
50100,0.8923628851370959,0.820855614973262,0.4018518518518518,1.2913306451612903,0.8894787933094385,250
50150,0.8971249270664527,0.8297101449275361,0.40900383141762453,1.2913306451612903,0.8823268137436657,250
50200,0.9026074241518269,0.8248081841432224,0.40900383141762453,1.3043478260869565,0.895343994669332,250
50250,0.9065500673481817,0.8448616600790513,0.40900383141762453,1.3023349436392915,0.893331112221667,250
50300,0.9127134666471268,0.8448616600790513,0.40900383141762453,1.314723320158103,0.9057194887404785,250
50350,0.9178559208781785,0.8484848484848484,0.42145593869731796,1.314723320158103,0.893267381460785,250
50400,0.921486710006448,0.8484848484848484,0.42145593869731796,1.3162225705329154,0.8947666318355973,250
50450,0.925637104166271,0.8566666666666666,0.42145593869731796,1.3214809384164226,0.9000249997191045,250
50500,0.9304462412348016,0.8566666666666666,0.42145593869731796,1.3306451612903227,0.9091892225930047,250
50550,0.9343697608361409,0.8664705882352941,0.42145593869731796,1.3306451612903227,0.9091892225930047,250
50600,0.9405861417070647,0.8747826086956522,0.42145593869731796,1.3419540229885056,0.9204980842911876,250
50650,0.9451421387745522,0.8747826086956522,0.42145593869731796,1.353085553997195,0.9316296152998771,250
50700,0.9498727176978012,0.8747826086956522,0.42145593869731796,1.3810541310541309,0.9595981923568129,250
50750,0.9559116575690852,0.8968253968253967,0.42034482758620684,1.3810541310541309,0.960709303467924,250
50800,0.9612592719539927,0.8968253968253967,0.44696969696969696,1.3864764267990075,0.9395067298293105,250
50850,0.9656566267468806,0.9044444444444444,0.44696969696969696,1.3978260869565218,0.9508563899868248,250
50900,0.9706207290735617,0.9064285714285714,0.4361111111111111,1.3978260869565218,0.9617149758454107,250
50950,0.9748904090079717,0.9242857142857143,0.4454022988505747,1.4,0.9545977011494252,250
51000,0.9780221997037722,0.9285714285714286,0.4498432601880878,1.4055555555555554,0.9557122953674677,250
51050,0.9837782824824469,0.930952380952381,0.46666666666666656,1.4055555555555554,0.9388888888888889,250
51100,0.9878173945181616,0.949874686716792,0.46956521739130425,1.4347826086956523,0.965217391304348,250
51150,0.9936390296406877,0.9561904761904761,0.4782608695652173,1.4420289855072466,0.9637681159420293,250
51200,0.9983130643776436,0.949874686716792,0.4782608695652173,1.471111111111111,0.9928502415458937,250
51250,1.002568349955657,0.949874686716792,0.4782608695652173,1.471111111111111,0.9928502415458937,250
51300,1.0071361011940905,0.96,0.4782608695652173,1.4611111111111112,0.982850241545894,250
51350,1.0139972618115327,0.9561904761904761,0.4790660225442833,1.4645833333333336,0.9855173107890502,250
51400,1.0183537166952805,0.9569597069597069,0.48180076628352486,1.4645833333333336,0.9827825670498087,250
51450,1.0231586949736182,0.9569597069597069,0.48180076628352486,1.5113636363636362,1.0295628700801114,250
51500,1.029313565009695,0.9569597069597069,0.4820788530465949,1.5113636363636362,1.0292847833170413,250
51550,1.0340748618637707,0.9607692307692307,0.4820788530465949,1.5120967741935485,1.0300179211469536,250
51600,1.038235399585215,0.9607692307692307,0.48180076628352486,1.5120967741935485,1.0302960079100236,250
51650,1.0427140048163988,0.9607692307692307,0.48180076628352486,1.5120967741935485,1.0302960079100236,250
51700,1.0482189608751014,0.9607692307692307,0.48180076628352486,1.5120967741935485,1.0302960079100236,250
51750,1.0520399096606157,0.9607692307692307,0.4830367074527253,1.5351190476190475,1.0520823401663222,250
51800,1.056797797164185,0.9607692307692307,0.4830367074527253,1.5351190476190475,1.0520823401663222,250
51850,1.0618326960414755,0.9622507122507122,0.4914746543778802,1.5570967741935484,1.0656221198156683,250
51900,1.0662923694329005,0.9622507122507122,0.5153439153439153,1.5570967741935484,1.041752858849633,250
51950,1.071224809527211,1.0,0.5185185185185186,1.5663043478260872,1.0477858293075686,250
52000,1.0754688759204587,1.0,0.5185185185185186,1.5663043478260872,1.0477858293075686,250
52050,1.08123803494534,1.0,0.5185185185185186,1.5663043478260872,1.0477858293075686,250
52100,1.0840029403255522,1.0,0.5185185185185186,1.5702380952380954,1.0517195767195768,250
52150,1.0904354356831745,1.0392307692307692,0.5193236714975846,1.5702380952380954,1.0509144237405108,250
52200,1.0954831668695246,1.0392307692307692,0.5193236714975846,1.5755494505494507,1.056225779051866,250
52250,1.10105914232535,1.0419580419580419,0.5193236714975846,1.5883431085043989,1.0690194370068142,250
52300,1.1056369648760653,1.0419580419580419,0.5193236714975846,1.5909090909090908,1.0715854194115062,250
52350,1.1087644871072526,1.0419580419580419,0.5193236714975846,1.598148148148148,1.0788244766505635,250
52400,1.1130813926192682,1.0465367965367964,0.5193236714975846,1.6,1.0806763285024155,250
52450,1.1166986658098923,1.0465367965367964,0.5193236714975846,1.6222222222222222,1.1028985507246376,250
52500,1.1223434787648543,1.0465367965367964,0.5193236714975846,1.6222222222222222,1.1028985507246376,250
52550,1.1259551889693826,1.0465367965367964,0.5193236714975846,1.6222222222222222,1.1028985507246376,250
52600,1.1312997543544938,1.0465367965367964,0.5193236714975846,1.6321739130434785,1.1128502415458938,250
52650,1.136664954514903,1.0465367965367964,0.5185185185185186,1.6390909090909092,1.1205723905723906,250
52700,1.140831307061217,1.0465367965367964,0.5185185185185186,1.6534280936454848,1.1349095751269662,250
52750,1.1453000717088777,1.0465367965367964,0.5193236714975846,1.6630434782608694,1.1437198067632848,250
52800,1.1519704340606045,1.076923076923077,0.5427350427350428,1.6534280936454848,1.110693050910442,250
52850,1.1564452541518486,1.076923076923077,0.5555555555555556,1.6858974358974361,1.1303418803418805,250
52900,1.1609920181382585,1.076923076923077,0.5555555555555556,1.6980769230769233,1.1425213675213677,250
52950,1.16487544181204,1.076923076923077,0.5555555555555556,1.7037037037037037,1.1481481481481481,250
53000,1.1691932330665404,1.085144927536232,0.5579710144927537,1.7037037037037037,1.14573268921095,250
53050,1.1749037593867588,1.085144927536232,0.5667701863354038,1.7150000000000003,1.1482298136645965,250
53100,1.1812613383518782,1.1111111111111112,0.5714285714285714,1.7200000000000002,1.1485714285714288,250
53150,1.1852085111980832,1.0990338164251208,0.5595238095238095,1.7200000000000002,1.1604761904761907,250
53200,1.1900288527167369,1.101010101010101,0.5714285714285714,1.7254545454545454,1.154025974025974,250
53250,1.1942551893978388,1.1155555555555556,0.5728021978021978,1.7254545454545454,1.1526523476523476,250
53300,1.1994579868867532,1.101010101010101,0.5769230769230769,1.7518181818181815,1.1748951048951046,250
53350,1.2043475451146233,1.101010101010101,0.5862068965517242,1.765,1.1787931034482757,250
53400,1.2093179035764825,1.1054545454545455,0.5873824451410659,1.765,1.177617554858934,250
53450,1.2145489315339342,1.1155555555555556,0.5873824451410659,1.7669230769230768,1.179540631782011,250
53500,1.2201636861943643,1.1155555555555556,0.5913299663299663,1.7756410256410255,1.1843110593110593,250
53550,1.2250174830977483,1.1155555555555556,0.5925925925925926,1.7944444444444443,1.2018518518518517,250
53600,1.230920029681019,1.1155555555555556,0.5944444444444444,1.7944444444444443,1.1999999999999997,250
53650,1.236342523711241,1.145217391304348,0.5944444444444444,1.7969696969696969,1.2025252525252523,250
53700,1.238336809003756,1.145217391304348,0.6000000000000001,1.7801383399209487,1.1801383399209486,250
53750,1.2449505421833797,1.145217391304348,0.6000000000000001,1.8050595238095237,1.2050595238095236,250
53800,1.2495565090215581,1.145217391304348,0.6116941529235382,1.8181818181818183,1.20648766525828,250
53850,1.254346795198078,1.1589473684210527,0.6116941529235382,1.8206168831168834,1.2089227301933452,250
53900,1.2611066496571612,1.1702898550724636,0.616710875331565,1.8249223602484475,1.2082114849168826,250
53950,1.267917157126687,1.179549114331723,0.616710875331565,1.8249223602484475,1.2082114849168826,250
54000,1.2743618167327129,1.2041666666666668,0.616710875331565,1.8260869565217392,1.2093760811901744,250
54050,1.2774877018360407,1.2041666666666668,0.6229246487867177,1.8454106280193234,1.2224859792326057,250
54100,1.2840234643466752,1.2094298245614037,0.6229246487867177,1.8558201058201058,1.232895457033388,250
54150,1.2895634850423607,1.2094298245614037,0.6322222222222221,1.8571428571428572,1.2249206349206352,250
54200,1.2942073918377506,1.21395881006865,0.6399999999999999,1.8620129870129871,1.2220129870129872,250
54250,1.2996023096436102,1.21395881006865,0.6399999999999999,1.8620129870129871,1.2220129870129872,250
54300,1.3064153957153104,1.2223320158102766,0.6407142857142856,1.8620129870129871,1.2212987012987016,250
54350,1.3123541663991023,1.2286956521739132,0.6407142857142856,1.865909090909091,1.2251948051948054,250
54400,1.3181619404961336,1.2400000000000002,0.6446428571428571,1.8695652173913042,1.2249223602484471,250
54450,1.3232723346451254,1.2400000000000002,0.6488095238095237,1.8695652173913042,1.2207556935817805,250
54500,1.328518313312182,1.2400000000000002,0.6666666666666667,1.8982142857142856,1.231547619047619,250
54550,1.3334485299217291,1.2515789473684211,0.6666666666666667,1.9090909090909092,1.2424242424242424,250
54600,1.340633979096584,1.2515789473684211,0.6724137931034484,1.9120553359683794,1.239641542864931,250
54650,1.3469434963097273,1.256578947368421,0.6903183023872679,1.9120553359683794,1.2217370335811115,250
54700,1.3519108180886379,1.256578947368421,0.6942307692307692,1.9182608695652172,1.224030100334448,250
54750,1.3576413171532822,1.2679425837320575,0.6942307692307692,1.949534161490683,1.2553033922599137,250
54800,1.363108001393705,1.2763636363636364,0.6951566951566952,1.949534161490683,1.2543774663339877,250
54850,1.369110199846451,1.2828571428571427,0.700925925925926,1.932142857142857,1.231216931216931,250
54900,1.3748863764598225,1.2828571428571427,0.6942307692307692,1.9626068376068375,1.2683760683760683,250
54950,1.3802655607058059,1.2858333333333332,0.6903183023872679,1.9639550264550265,1.2736367240677586,250
55000,1.3864173158713289,1.2939814814814814,0.6903183023872679,1.9903846153846154,1.3000663129973475,250
55050,1.3922597051068073,1.2939814814814814,0.6951566951566952,1.9916666666666667,1.2965099715099715,250
55100,1.3974030628566552,1.2939814814814814,0.6951566951566952,2.0,1.3048433048433048,250
55150,1.4025652176306462,1.3121739130434782,0.7167487684729064,2.0,1.2832512315270936,250
55200,1.4083600090098076,1.319090909090909,0.7332621082621082,2.0277777777777777,1.2945156695156694,250
55250,1.4129667623268671,1.319090909090909,0.7332621082621082,2.0277777777777777,1.2945156695156694,250
55300,1.4193850288715946,1.319090909090909,0.7407407407407407,2.0277777777777777,1.287037037037037,250
55350,1.4257776065136993,1.3273809523809526,0.7430555555555556,2.038105413105413,1.2950498575498572,250
55400,1.432332453248673,1.3273809523809526,0.75,2.038105413105413,1.2881054131054128,250
55450,1.4381305846180907,1.3273809523809526,0.75,2.0361111111111114,1.2861111111111114,250
55500,1.4435582899946406,1.3273809523809526,0.7407407407407407,2.0361111111111114,1.2953703703703707,250
55550,1.4487484067195315,1.3397435897435899,0.7430555555555556,2.0445075757575757,1.30145202020202,250
55600,1.4538938542995952,1.3685185185185185,0.7525,2.0449604743083003,1.2924604743083004,250
55650,1.4586550581321247,1.3887362637362637,0.7525,2.0568181818181817,1.3043181818181817,250
55700,1.4627966726927026,1.4001322751322751,0.7606321839080459,2.095833333333333,1.3352011494252873,250
55750,1.4670313317151407,1.4074074074074074,0.7612732095490715,2.095833333333333,1.3345601237842617,250
55800,1.4732130375521697,1.412037037037037,0.7713675213675213,2.1053571428571427,1.3339896214896214,250
55850,1.479282303697208,1.4226190476190474,0.7816091954022988,2.1159090909090907,1.334299895506792,250
55900,1.4838515973768984,1.4305555555555556,0.7875615763546799,2.125,1.33743842364532,250
55950,1.4909507274546763,1.4226190476190474,0.8,2.13125,1.33125,250
56000,1.4981212905176977,1.4388888888888889,0.7948275862068965,2.13125,1.3364224137931036,250
56050,1.503481448005834,1.4529914529914532,0.7948275862068965,2.1333333333333333,1.3385057471264368,250
56100,1.5080156201728063,1.4529914529914532,0.7948275862068965,2.13125,1.3364224137931036,250
56150,1.5128263092065006,1.4494949494949496,0.7948275862068965,2.13125,1.3364224137931036,250
56200,1.5199282363375781,1.4715099715099715,0.7948275862068965,2.1303030303030304,1.3354754440961338,250
56250,1.526947187194457,1.4599358974358976,0.7948275862068965,2.153263403263403,1.3584358170565065,250
56300,1.533077328927739,1.4791666666666667,0.8,2.153263403263403,1.353263403263403,250
56350,1.5382288768763168,1.4791666666666667,0.8,2.153263403263403,1.353263403263403,250
56400,1.5429915483880963,1.4907407407407407,0.8,2.1634615384615383,1.3634615384615383,250
56450,1.5498639646728383,1.5,0.8156565656565657,2.1845238095238098,1.368867243867244,250
56500,1.556198181022076,1.5092592592592593,0.8156565656565657,2.197619047619048,1.381962481962482,250
56550,1.5635047922545235,1.5092592592592593,0.8365384615384615,2.2062500000000003,1.3697115384615388,250
56600,1.5694898505679917,1.5092592592592593,0.8365384615384615,2.210714285714286,1.3741758241758244,250
56650,1.5753365426981536,1.5092592592592593,0.8379629629629629,2.241071428571429,1.403108465608466,250
56700,1.5811416523023762,1.51,0.8531746031746033,2.241071428571429,1.3878968253968256,250
56750,1.586382790830186,1.5278571428571428,0.8531746031746033,2.231818181818182,1.3786435786435787,250
56800,1.5931630887687667,1.537087912087912,0.8531746031746033,2.25,1.3968253968253967,250
56850,1.5991582938423223,1.537087912087912,0.8583743842364533,2.25,1.3916256157635467,250
56900,1.6056519091225616,1.5419580419580419,0.8624608150470219,2.25,1.3875391849529781,250
56950,1.6122559840870754,1.5454545454545454,0.8643939393939393,2.2625,1.398106060606061,250
57000,1.617798853279075,1.5505050505050504,0.8643939393939393,2.2625,1.398106060606061,250
57050,1.6237064026141808,1.5505050505050504,0.8643939393939393,2.2670454545454546,1.4026515151515153,250
57100,1.6281939200122664,1.5505050505050504,0.8677272727272727,2.2693602693602695,1.4016329966329968,250
57150,1.6363294423394672,1.5662393162393162,0.8814285714285713,2.2693602693602695,1.3879316979316982,250
57200,1.64170070617253,1.5662393162393162,0.8822222222222221,2.295138888888889,1.4129166666666668,250
57250,1.6465253252891183,1.5662393162393162,0.8822222222222221,2.295138888888889,1.4129166666666668,250
57300,1.651776115278969,1.5662393162393162,0.8814285714285713,2.295138888888889,1.4137103174603176,250
57350,1.6594946205964334,1.583916083916084,0.8888888888888888,2.299074074074074,1.4101851851851852,250
57400,1.6658516604550972,1.583916083916084,0.8888888888888888,2.3143939393939394,1.4255050505050506,250
57450,1.6688396374530199,1.583916083916084,0.8888888888888888,2.3143939393939394,1.4255050505050506,250
57500,1.6733205866201757,1.583916083916084,0.896551724137931,2.315559440559441,1.4190077164215098,250
57550,1.6792211820735585,1.583916083916084,0.896551724137931,2.315559440559441,1.4190077164215098,250
57600,1.6852519478436254,1.5871212121212122,0.9171957671957672,2.3333333333333335,1.4161375661375661,250
57650,1.6921346913971176,1.5917508417508417,0.9272030651340996,2.3333333333333335,1.406130268199234,250
57700,1.7000186340933063,1.5917508417508417,0.9316091954022989,2.3333333333333335,1.4017241379310346,250
57750,1.7076703266630644,1.5962962962962963,0.9316091954022989,2.3643162393162394,1.4327070439139404,250
57800,1.7156082291632746,1.625,0.9316091954022989,2.381054131054131,1.449444935651832,250
57850,1.7213836364156543,1.6273148148148149,0.9316091954022989,2.381054131054131,1.449444935651832,250
57900,1.7282786532208625,1.6547619047619047,0.9390166028097063,2.404040404040404,1.4650238012306978,250
57950,1.736361839056959,1.6547619047619047,0.9638888888888889,2.4166666666666665,1.4527777777777775,250
58000,1.7441936414622774,1.6726190476190474,0.962962962962963,2.423076923076923,1.4601139601139599,250
58050,1.7515314063969518,1.6792857142857143,0.9658045977011493,2.423951048951049,1.4581464512498998,250
58100,1.758905816350722,1.6792857142857143,0.9658045977011493,2.4404761904761907,1.4746715927750413,250
58150,1.7644097052324068,1.6726190476190474,0.9678571428571427,2.4404761904761907,1.472619047619048,250
58200,1.7702049202755497,1.691851851851852,0.9666666666666666,2.4404761904761907,1.4738095238095241,250
58250,1.7746476283529729,1.691851851851852,0.9666666666666666,2.4572649572649574,1.4905982905982909,250
58300,1.7816743735450145,1.6941666666666668,0.9666666666666666,2.4653846153846155,1.498717948717949,250
58350,1.7878397328026363,1.711309523809524,1.0,2.4740802675585285,1.4740802675585285,250
58400,1.795443905576783,1.711309523809524,1.0,2.4740802675585285,1.4740802675585285,250
58450,1.8027945031863155,1.7142857142857144,1.0071428571428571,2.479565217391304,1.472422360248447,250
58500,1.8107172030507246,1.7142857142857144,1.0,2.496212121212121,1.496212121212121,250
58550,1.8181886600806585,1.7200000000000002,1.0083333333333333,2.513888888888889,1.5055555555555555,250
58600,1.8253572652124959,1.7495652173913043,1.0,2.5185185185185186,1.5185185185185186,250
58650,1.8328696357069034,1.7495652173913043,1.0373931623931625,2.5196296296296294,1.482236467236467,250
58700,1.8390445509159183,1.755,1.0384615384615383,2.5314153439153437,1.4929538054538054,250
58750,1.8464623260662025,1.755,1.0455128205128204,2.5317857142857143,1.486272893772894,250
58800,1.8540388386748285,1.7642857142857142,1.0455128205128204,2.5317857142857143,1.486272893772894,250
58850,1.8609114608987511,1.7642857142857142,1.0666666666666669,2.5322204968944098,1.4655538302277429,250
58900,1.8675807483383964,1.7609523809523808,1.0666666666666669,2.5357142857142856,1.4690476190476187,250
58950,1.8733815971218626,1.7735042735042734,1.0666666666666669,2.540178571428571,1.4735119047619043,250
59000,1.8780800125027224,1.7735042735042734,1.0685185185185186,2.5357142857142856,1.467195767195767,250
59050,1.8843101406844234,1.7735042735042734,1.0685185185185186,2.552083333333333,1.4835648148148144,250
59100,1.8917194292137336,1.7916666666666665,1.0685185185185186,2.5674603174603177,1.498941798941799,250
59150,1.89999953434308,1.799679487179487,1.0805555555555555,2.5982142857142856,1.51765873015873,250
59200,1.9077749969696598,1.8038461538461537,1.1008620689655173,2.607142857142857,1.50628078817734,250
59250,1.9124400269826585,1.8038461538461537,1.1008620689655173,2.613324175824176,1.5124621068586588,250
59300,1.918892764934233,1.7958333333333332,1.1008620689655173,2.6374074074074074,1.5365453384418901,250
59350,1.9283856014543037,1.8333333333333335,1.1,2.649844720496894,1.549844720496894,250
59400,1.9371331864336703,1.8333333333333335,1.1,2.649844720496894,1.549844720496894,250
59450,1.9430245161306823,1.8366666666666667,1.1008620689655173,2.642142857142857,1.5412807881773396,250
59500,1.9488341634753508,1.8366666666666667,1.1,2.642142857142857,1.5421428571428568,250
59550,1.9549948741039165,1.8366666666666667,1.1027777777777779,2.649844720496894,1.5470669427191162,250
59600,1.9613162650127671,1.8459259259259257,1.1121794871794872,2.653428093645485,1.5412486064659978,250
59650,1.9681437513459938,1.812169312169312,1.115950226244344,2.6666666666666665,1.5507164404223226,250
59700,1.9751383555320734,1.8307142857142857,1.1194852941176472,2.6666666666666665,1.5471813725490193,250
59750,1.9818665965367508,1.843076923076923,1.1495726495726497,2.675595238095238,1.5260225885225884,250
59800,1.990589966326054,1.8459259259259257,1.1354166666666665,2.6892307692307695,1.553814102564103,250
59850,1.9966371122089108,1.8459259259259257,1.1400462962962963,2.708791208791209,1.5687449124949127,250
59900,2.0015532219064007,1.849002849002849,1.1400462962962963,2.724025974025974,1.5839796777296775,250
59950,2.0087555875695418,1.872282608695652,1.1769957983193275,2.7370401337792645,1.560044335459937,250
60000,2.0180423537945,1.8798076923076923,1.1769957983193275,2.7370401337792645,1.560044335459937,250
60050,2.0252790105292817,1.8798076923076923,1.1691176470588234,2.747685185185185,1.5785675381263617,250
60100,2.033159249848813,1.8798076923076923,1.1691176470588234,2.747685185185185,1.5785675381263617,250
60150,2.039022104297273,1.875,1.1734279918864097,2.7815934065934065,1.6081654147069968,250
60200,2.046020813721498,1.8983333333333332,1.1823156682027647,2.766923076923077,1.5846074087203124,250
60250,2.050494443703593,1.9183333333333332,1.1839285714285714,2.766923076923077,1.5829945054945056,250
60300,2.059005483803311,1.9361904761904762,1.1856527093596059,2.7964285714285713,1.6107758620689654,250
60350,2.0648388160541167,1.9361904761904762,1.1856527093596059,2.8057692307692306,1.6201165214096247,250
60400,2.0708511380522694,1.9534632034632036,1.208743842364532,2.7944444444444443,1.5857006020799123,250
60450,2.077176062657058,1.9544513457556936,1.2150621118012424,2.8,1.5849378881987575,250
60500,2.083823884113823,1.9582608695652173,1.2150621118012424,2.8,1.5849378881987575,250
60550,2.091355530523606,1.9607692307692308,1.2150621118012424,2.811111111111111,1.5960489993098685,250
60600,2.0972469800229843,1.9582608695652173,1.2150621118012424,2.8197751322751325,1.6047130204738902,250
60650,2.1047833787032837,1.98,1.2098214285714288,2.8353571428571427,1.6255357142857139,250
60700,2.1121912062496095,2.0,1.2098214285714288,2.8518518518518516,1.6420304232804228,250
60750,2.1207428126664825,2.0,1.2145833333333336,2.862012987012987,1.6474296536796533,250
60800,2.1276873234395026,1.9761904761904763,1.2145833333333336,2.868840579710145,1.6542572463768113,250
60850,2.136478286728418,1.98,1.225,2.889642857142857,1.6646428571428569,250
60900,2.1456410609310055,2.0,1.225,2.891865079365079,1.666865079365079,250
60950,2.1520043097393726,2.0,1.235344827586207,2.917307692307692,1.6819628647214853,250
61000,2.160483087605639,2.0,1.235344827586207,2.9252136752136755,1.6898688476274686,250
61050,2.164950869345906,2.0,1.2435344827586206,2.922307692307692,1.6787732095490715,250
61100,2.171244474943394,2.0,1.2435344827586206,2.9120553359683794,1.6685208532097588,250
61150,2.1773789819460165,2.019230769230769,1.25,2.9205685618729094,1.6705685618729094,250
61200,2.1855242620289035,2.017857142857143,1.2689655172413792,2.9591304347826086,1.6901649175412294,250
61250,2.1924434354509237,2.037087912087912,1.2758620689655173,2.9560276679841895,1.6801655990186721,250
61300,2.2044140389786615,2.037087912087912,1.2783251231527095,2.9635989010989015,1.685273777946192,250
61350,2.2114522839947384,2.039230769230769,1.2729166666666667,2.9635989010989015,1.6906822344322348,250
61400,2.2219966937609996,2.039230769230769,1.266465053763441,2.9635989010989015,1.6971338473354605,250
61450,2.2305060070026808,2.0408333333333335,1.2748397435897436,2.9635989010989015,1.6887591575091578,250
61500,2.241088220656489,2.0408333333333335,1.292824074074074,3.0,1.707175925925926,250
61550,2.250605100971059,2.059294871794872,1.294836956521739,3.0,1.705163043478261,250
61600,2.259511440093054,2.076923076923077,1.301086956521739,3.0,1.698913043478261,250
61650,2.266047462644826,2.076923076923077,1.3058470764617691,3.0377747252747254,1.7319276488129562,250
61700,2.2738775178185215,2.1053113553113554,1.3058470764617691,3.0267857142857144,1.7209386378239453,250
61750,2.282229960793235,2.1053113553113554,1.3160919540229885,3.0267857142857144,1.710693760262726,250
61800,2.288269103918615,2.1165158371040724,1.3333333333333335,3.043019480519481,1.7096861471861473,250
61850,2.2952131632519097,2.117692307692308,1.3333333333333335,3.0470779220779223,1.7137445887445888,250
61900,2.302347380140705,2.1053113553113554,1.3333333333333335,3.043019480519481,1.7096861471861473,250
61950,2.31187196701861,2.1225,1.3365384615384617,3.0470779220779223,1.7105394605394606,250
62000,2.3187322920524,2.1449579831932772,1.3190476190476192,3.083074534161491,1.7640269151138717,250
62050,2.3264467128775626,2.1504524886877827,1.3369565217391306,3.093167701863354,1.7562111801242233,250
62100,2.3349511188782053,2.1569230769230767,1.3369565217391306,3.1238095238095243,1.7868530020703937,250
62150,2.3416058937988047,2.1761538461538463,1.3465719063545152,3.1175595238095237,1.7709876174550085,250
62200,2.349305045217738,2.1761538461538463,1.3465719063545152,3.166666666666667,1.8200947603121518,250
62250,2.3560203048941775,2.1569230769230767,1.3465719063545152,3.166666666666667,1.8200947603121518,250
62300,2.363346162042515,2.1569230769230767,1.3465719063545152,3.166666666666667,1.8200947603121518,250
62350,2.3713755141480206,2.1791443850267376,1.355464159811986,3.166666666666667,1.8112025068546809,250
62400,2.378764387008752,2.2,1.3570234113712376,3.185897435897436,1.8288740245261985,250
62450,2.389764548788755,2.213636363636364,1.373931623931624,3.225142045454546,1.851210421522922,250
62500,2.3971570243552405,2.213636363636364,1.373931623931624,3.2185314685314688,1.8445998445998448,250
62550,2.4039386434427894,2.2336363636363634,1.3862876254180603,3.229895104895105,1.8436074794770447,250
62600,2.414741967151066,2.2336363636363634,1.373931623931624,3.229895104895105,1.855963480963481,250
62650,2.423724689495488,2.245,1.373931623931624,3.2326923076923078,1.8587606837606838,250
62700,2.4314049800332644,2.245,1.3903133903133904,3.2458333333333336,1.8555199430199432,250
62750,2.4421035448830692,2.245,1.395330112721417,3.2865942028985504,1.8912640901771334,250
62800,2.4517407138009757,2.266968325791855,1.4173387096774193,3.2977053140096615,1.8803666043322422,250
62850,2.4592675559376156,2.280448717948718,1.4173387096774193,3.2977053140096615,1.8803666043322422,250
62900,2.4661291215057752,2.280448717948718,1.419642857142857,3.2761548913043477,1.8565120341614907,250
62950,2.4748190430816863,2.280448717948718,1.4097222222222223,3.2791193181818183,1.869397095959596,250
63000,2.481830203564968,2.2996794871794872,1.4097222222222223,3.3068561872909696,1.8971339650687473,250
63050,2.4900192777340413,2.2996794871794872,1.4260033444816052,3.3104619565217392,1.884458612040134,250
63100,2.495309440962389,2.312937062937063,1.4347826086956523,3.3104619565217392,1.875679347826087,250
63150,2.5045005995627503,2.3273809523809526,1.4371980676328504,3.33,1.8928019323671497,250
63200,2.515657357210222,2.33974358974359,1.4371980676328504,3.333333333333333,1.8961352657004826,250
63250,2.523182314458619,2.33974358974359,1.4371980676328504,3.3560606060606055,1.9188625384277551,250
63300,2.531105558470288,2.33974358974359,1.448717948717949,3.372916666666667,1.9241987179487179,250
63350,2.539341374098832,2.354895104895105,1.4700000000000002,3.3822115384615388,1.9122115384615386,250
63400,2.5483423449379647,2.358288770053476,1.4700000000000002,3.387820512820513,1.917820512820513,250
63450,2.5562779466838137,2.358288770053476,1.4703703703703703,3.387820512820513,1.917450142450143,250
63500,2.5689639997937843,2.4017857142857144,1.4790660225442833,3.4025135869565215,1.9234475644122382,250
63550,2.5760939898365027,2.4017857142857144,1.505,3.4265625,1.9215625000000003,250
63600,2.5852000814521805,2.4017857142857144,1.505,3.436820652173913,1.9318206521739132,250
63650,2.59512888001059,2.4356060606060606,1.5204347826086957,3.4427083333333335,1.9222735507246378,250
63700,2.6035585045730896,2.4356060606060606,1.5204347826086957,3.462797619047619,1.9423628364389234,250
63750,2.612616976393471,2.4356060606060606,1.5204347826086957,3.4548611111111107,1.934426328502415,250
63800,2.6234276339712044,2.4545454545454546,1.5204347826086957,3.4548611111111107,1.934426328502415,250
63850,2.6327672225673044,2.4545454545454546,1.5204347826086957,3.4653846153846155,1.9449498327759198,250
63900,2.6411164366578954,2.4545454545454546,1.5217391304347827,3.4753623188405802,1.9536231884057975,250
63950,2.651152499892135,2.4545454545454546,1.5354166666666664,3.4753623188405802,1.9399456521739138,250
64000,2.6605369104346104,2.456439393939394,1.5416666666666665,3.5,1.9583333333333335,250
64050,2.6678823621655554,2.456439393939394,1.5416666666666665,3.5,1.9583333333333335,250
64100,2.6746278090038205,2.479166666666667,1.567857142857143,3.5,1.932142857142857,250
64150,2.6840069197902454,2.5,1.5785714285714287,3.525,1.9464285714285712,250
64200,2.690435185896824,2.5,1.5785714285714287,3.534090909090909,1.9555194805194804,250
64250,2.7007638323220347,2.5,1.6021739130434782,3.55,1.9478260869565216,250
64300,2.708518087602895,2.5,1.5918290854572714,3.55,1.9581709145427284,250
64350,2.716072543431367,2.517857142857143,1.6075310559006213,3.579861111111111,1.9723300552104899,250
64400,2.7235343328477977,2.517857142857143,1.6075310559006213,3.6254208754208754,2.017889819520254,250
64450,2.7328983342132007,2.5527272727272727,1.6075310559006213,3.634680134680135,2.0271490787795137,250
64500,2.7414994554396124,2.5478571428571426,1.6075310559006213,3.6421428571428573,2.034611801242236,250
64550,2.751185846430358,2.5527272727272727,1.6139291465378423,3.660714285714286,2.0467851391764436,250
64600,2.7595337764508288,2.5527272727272727,1.6231884057971016,3.6766666666666667,2.053478260869565,250
64650,2.7705169861851577,2.55050505050505,1.6231884057971016,3.681363636363636,2.0581752305665346,250
64700,2.7836100799955,2.5527272727272727,1.632183908045977,3.692193675889328,2.060009767843351,250
64750,2.792641439357037,2.5527272727272727,1.650537634408602,3.681363636363636,2.030826001955034,250
64800,2.8029753467222704,2.5716666666666668,1.6638709677419354,3.7061688311688314,2.042297863426896,250
64850,2.8102926173670975,2.587962962962963,1.6690561529271206,3.7185714285714284,2.049515275644308,250
64900,2.8190971728084295,2.587962962962963,1.6941137566137565,3.7185714285714284,2.0244576719576717,250
64950,2.8292725298702233,2.5993589743589745,1.6941137566137565,3.7185714285714284,2.0244576719576717,250
65000,2.8380659626539426,2.6201923076923075,1.6941137566137565,3.709627329192547,2.01551357257879,250
65050,2.8435820990185783,2.6201923076923075,1.6941137566137565,3.709627329192547,2.01551357257879,250
65100,2.8524190330758774,2.6201923076923075,1.712962962962963,3.7185714285714284,2.005608465608465,250
65150,2.8594045971047954,2.6201923076923075,1.712962962962963,3.7185714285714284,2.005608465608465,250
65200,2.8697511825290705,2.6329966329966332,1.7051971326164874,3.7216666666666667,2.016469534050179,250
65250,2.8805942813085714,2.6329966329966332,1.7174432497013141,3.7430555555555554,2.0256123058542412,250
65300,2.888902449800508,2.645833333333333,1.7508960573476702,3.7430555555555554,1.9921594982078852,250
65350,2.897835670993915,2.6666666666666665,1.748759305210918,3.7555555555555555,2.0067962503446375,250
65400,2.907611478606669,2.6733333333333333,1.7704714640198511,3.779285714285714,2.008814250265863,250
65450,2.918176898726817,2.6861538461538466,1.7750896057347672,3.8,2.0249103942652327,250
65500,2.9283289271950648,2.698005698005698,1.7765911072362686,3.8136363636363635,2.037045256400095,250
65550,2.93821803402267,2.698005698005698,1.7842664092664093,3.833333333333333,2.0490669240669237,250
65600,2.945908774894264,2.726153846153846,1.791208791208791,3.838333333333333,2.047124542124542,250
65650,2.9564673626159594,2.7476470588235293,1.808150183150183,3.8606902356902353,2.0525400525400523,250
65700,2.967271715177379,2.7970588235294116,1.797208538587849,3.8888888888888893,2.0916803503010404,250
65750,2.9775888035961158,2.8164983164983166,1.796440489432703,3.9194444444444443,2.1230039550117414,250
65800,2.985786529007686,2.8469785575048734,1.7953629032258065,3.907624633431085,2.1122617302052786,250
65850,2.9953654977517425,2.85239651416122,1.8067617866004964,3.933094384707288,2.1263325981067913,250
65900,3.0031619507892584,2.85239651416122,1.8067617866004964,3.949780058651026,2.1430182720505293,250
65950,3.014521996185625,2.8577441077441077,1.8405707196029777,3.966547192353644,2.1259764727506663,250
66000,3.0259953548379483,2.881176470588235,1.8475783475783476,3.9639550264550265,2.116376678876679,250
66050,3.036062262820477,2.884444444444444,1.8566308243727598,3.9639550264550265,2.1073242020822667,250
66100,3.0438012143590387,2.884444444444444,1.8566308243727598,3.9639550264550265,2.1073242020822667,250
66150,3.0548013213576994,2.927248677248677,1.8566308243727598,3.9639550264550265,2.1073242020822667,250
66200,3.0645759762408624,2.927248677248677,1.8566308243727598,3.9639550264550265,2.1073242020822667,250
66250,3.0749781599428214,2.927248677248677,1.8566308243727598,4.0,2.14336917562724,250
66300,3.0856389462411555,2.9335511982570806,1.8814866760168303,4.0,2.1185133239831697,250
66350,3.097542118390134,2.9103313840155947,1.8917224080267558,4.037037037037037,2.145314629010281,250
66400,3.1080298163672224,2.9335511982570806,1.9207692307692308,4.04409090909091,2.123321678321679,250
66450,3.116787341228796,2.9497549019607847,1.9207692307692308,4.04409090909091,2.123321678321679,250
66500,3.1259518532009434,2.960648148148148,1.9214814814814813,4.053030303030303,2.1315488215488214,250
66550,3.1350634774901063,2.979166666666667,1.9214814814814813,4.076210826210826,2.1547293447293443,250
66600,3.14667561009035,3.0,1.925925925925926,4.1101190476190474,2.1841931216931214,250
66650,3.158356034542814,3.0,1.9591346153846154,4.134920634920635,2.17578601953602,250
66700,3.166947899589363,3.0,1.959490740740741,4.131118881118882,2.171628140378141,250
66750,3.175546388005233,2.985294117647059,1.959490740740741,4.1345307917888565,2.1750400510481156,250
66800,3.1830205143609867,2.985294117647059,1.9569746376811592,4.125620347394541,2.168645709713382,250
66850,3.19187272939173,2.985294117647059,1.960685483870968,4.15800477897252,2.1973192951015523,250
66900,3.202382624309597,3.0,1.97,4.178030303030303,2.208030303030303,250
66950,3.208979380790762,2.985294117647059,2.0,4.175595238095238,2.175595238095238,250
67000,3.218025065652315,3.0,2.0,4.175595238095238,2.175595238095238,250
67050,3.22630614184746,3.0185185185185186,2.0,4.2023809523809526,2.2023809523809526,250
67100,3.2353003322709135,3.0332244008714597,2.0,4.220238095238095,2.220238095238095,250
67150,3.2466662854048947,3.0332244008714597,2.0,4.2480158730158735,2.2480158730158735,250
67200,3.2558709952431926,3.0448343079922027,2.0373931623931627,4.243055555555555,2.2056623931623927,250
67250,3.2636095999253345,3.0633528265107213,2.044763513513513,4.235887096774194,2.191123583260681,250
67300,3.2739748883704403,3.0633528265107213,2.056669572798605,4.256048387096774,2.199378814298169,250
67350,3.2823673582755224,3.0633528265107213,2.056669572798605,4.267045454545454,2.2103758817468493,250
67400,3.2918635764087005,3.0679824561403506,2.049227799227799,4.301136363636363,2.251908564408564,250
67450,3.302849867615919,3.0919117647058822,2.044763513513513,4.305944055944056,2.2611805424305427,250
67500,3.3120008232363842,3.095238095238095,2.066905615292712,4.321428571428571,2.254522956135859,250
67550,3.3240752740458728,3.106203007518797,2.08,4.329545454545454,2.249545454545454,250
67600,3.332806819749946,3.106203007518797,2.08,4.326923076923077,2.2469230769230766,250
67650,3.3442510381039074,3.106203007518797,2.08,4.333333333333333,2.253333333333333,250
67700,3.3575393501876607,3.1503759398496243,2.073571428571429,4.342948717948717,2.2693772893772883,250
67750,3.3664760449892697,3.194548872180451,2.072089947089947,4.333333333333333,2.261243386243386,250
67800,3.3751710104768273,3.194548872180451,2.0758258258258255,4.377380952380952,2.301555126555127,250
67850,3.384568285296769,3.212406015037594,2.092244418331375,4.395238095238096,2.3029936769067207,250
67900,3.3954939367887156,3.212406015037594,2.1025806451612903,4.425238095238096,2.3226574500768056,250
67950,3.4075528203050927,3.212406015037594,2.1025806451612903,4.435769230769231,2.3331885856079406,250
68000,3.4173393845918936,3.212406015037594,2.10383064516129,4.435769230769231,2.331938585607941,250
68050,3.4304804668395095,3.2565789473684212,2.1203703703703702,4.435769230769231,2.3153988603988607,250
68100,3.4393027113325245,3.2546296296296298,2.1203703703703702,4.421428571428572,2.3010582010582015,250
68150,3.4492857447869723,3.2754629629629632,2.1203703703703702,4.428571428571429,2.3082010582010586,250
68200,3.4606520296496552,3.2754629629629632,2.123575498575499,4.467142857142857,2.343567358567358,250
68250,3.471058413880293,3.2886904761904763,2.123575498575499,4.517857142857142,2.3942816442816435,250
68300,3.4829269570328307,3.2754629629629632,2.1574074074074074,4.566666666666666,2.409259259259259,250
68350,3.4939292216913387,3.293981481481482,2.1574074074074074,4.5702380952380945,2.412830687830687,250
68400,3.5056269841896714,3.311740890688259,2.1574074074074074,4.5702380952380945,2.412830687830687,250
68450,3.5137061745727194,3.330971659919028,2.1574074074074074,4.5702380952380945,2.412830687830687,250
68500,3.5267738555161743,3.3572874493927123,2.1869658119658117,4.605357142857143,2.418391330891331,250
68550,3.5379243442493444,3.3572874493927123,2.1869658119658117,4.616071428571428,2.429105616605616,250
68600,3.5471516361351383,3.3572874493927123,2.1869658119658117,4.629761904761905,2.442796092796093,250
68650,3.557101525287549,3.3572874493927123,2.1942307692307694,4.638333333333334,2.444102564102564,250
68700,3.5710340130108333,3.3516483516483513,2.1942307692307694,4.66,2.4657692307692307,250
68750,3.583170900113385,3.370879120879121,2.2040540540540543,4.6607142857142865,2.456660231660232,250
68800,3.596036641321187,3.370879120879121,2.2221621621621623,4.691666666666666,2.469504504504504,250
68850,3.6092833784111913,3.395748987854251,2.2221621621621623,4.7027777777777775,2.480615615615615,250
68900,3.6188849933496554,3.4064327485380117,2.2221621621621623,4.7027777777777775,2.480615615615615,250
68950,3.633609819614119,3.418650793650794,2.2314285714285713,4.703703703703703,2.472275132275132,250
69000,3.6418616995973925,3.4365079365079367,2.2314285714285713,4.703703703703703,2.472275132275132,250
69050,3.651488501181666,3.4365079365079367,2.2314285714285713,4.730555555555556,2.4991269841269848,250
69100,3.6626165372266506,3.4365079365079367,2.251785714285714,4.755185185185185,2.5033994708994713,250
69150,3.673437662015009,3.428571428571429,2.263219741480611,4.801587301587301,2.5383675601066904,250
69200,3.684161562239919,3.4345238095238098,2.263219741480611,4.808080808080808,2.544861066600197,250
69250,3.6942599023038523,3.4345238095238098,2.290372670807453,4.808080808080808,2.5177081372733547,250
69300,3.708365604708476,3.4523809523809526,2.290372670807453,4.8173400673400675,2.5269673965326143,250
69350,3.7166031328364233,3.4523809523809526,2.3233333333333333,4.833333333333334,2.5100000000000007,250
69400,3.7262171551871366,3.49874686716792,2.3265765765765765,4.842592592592593,2.516016016016016,250
69450,3.7400234727846167,3.5409356725146197,2.353462157809984,4.860690235690235,2.507228077880251,250
69500,3.754081125296432,3.5409356725146197,2.3572635135135136,4.883333333333334,2.52606981981982,250
69550,3.7656212955901536,3.553639846743295,2.383101851851852,4.895238095238096,2.5121362433862435,250
69600,3.779165919811665,3.5779352226720644,2.3796296296296298,4.908008658008658,2.528379028379028,250
69650,3.7898715648275347,3.5779352226720644,2.3796296296296298,4.921717171717171,2.5420875420875415,250
69700,3.805042684851793,3.5857699805068224,2.381944444444444,4.945767195767196,2.563822751322752,250
69750,3.8154538768666044,3.599818511796733,2.3715277777777777,4.954004329004329,2.5824765512265513,250
69800,3.8269423579004647,3.6170598911070777,2.378024193548387,4.962962962962963,2.584938769414576,250
69850,3.838791287740337,3.6343012704174225,2.4059059059059056,5.0,2.5940940940940944,250
69900,3.8508012344936904,3.660617059891107,2.401351351351351,5.0,2.598648648648649,250
69950,3.8629212600708867,3.660617059891107,2.4074074074074074,5.037037037037037,2.6296296296296298,250
70000,3.872300888075271,3.660617059891107,2.4059059059059056,5.03670634920635,2.630800443300444,250
70050,3.8839305136350903,3.660617059891107,2.416666666666667,5.03670634920635,2.620039682539683,250
70100,3.8930169525455782,3.7041742286751362,2.4371980676328504,5.043019480519481,2.605821412886631,250
70150,3.904339640790702,3.7304900181488203,2.4443243243243242,5.067460317460317,2.623135993135993,250
70200,3.9137705229393798,3.732439335887612,2.4655623365300787,5.073412698412699,2.60785036188262,250
70250,3.924296159111543,3.7777777777777777,2.4655623365300787,5.1,2.634437663469921,250
70300,3.9374383347550013,3.7912885662431943,2.490143369175627,5.111538461538461,2.621395092362834,250
70350,3.951229545924366,3.7912885662431943,2.4944944944944947,5.155714285714286,2.661219791219791,250
70400,3.9659523337926195,3.7912885662431943,2.4944944944944947,5.165322580645162,2.6708280861506672,250
70450,3.979165563918821,3.8185550082101805,2.514764764764765,5.175595238095238,2.6608304733304733,250
70500,3.9904793405163694,3.812169312169312,2.514764764764765,5.189804147465438,2.675039382700673,250
70550,4.004288492626096,3.834845735027223,2.5185185185185186,5.198387096774193,2.679868578255675,250
70600,4.017569922338327,3.8274074074074074,2.5185185185185186,5.189804147465438,2.671285628946919,250
70650,4.032082164385665,3.8410526315789473,2.5193236714975846,5.225,2.705676328502415,250
70700,4.042136888718237,3.8410526315789473,2.544294294294294,5.223387096774194,2.6790928024798997,250
70750,4.056351892992597,3.8496240601503757,2.544294294294294,5.272619047619047,2.728324753324753,250
70800,4.069122745395765,3.8864285714285716,2.5555555555555554,5.298333333333334,2.7427777777777784,250
70850,4.079820202059322,3.8864285714285716,2.5555555555555554,5.308181818181819,2.752626262626263,250
70900,4.093767153413543,3.8864285714285716,2.5608974358974357,5.309253246753246,2.7483558108558106,250
70950,4.106318869539042,3.8864285714285716,2.5608974358974357,5.347402597402597,2.7865051615051617,250
71000,4.119943345633451,3.8864285714285716,2.5608974358974357,5.362012987012987,2.801115551115551,250
71050,4.13079327446726,3.899888765294772,2.5496361746361744,5.362012987012987,2.8123768123768125,250
71100,4.142937190712375,3.9125615763546797,2.5789014821272884,5.362012987012987,2.7831115048856985,250
71150,4.1587926508435835,3.929802955665025,2.5789014821272884,5.392857142857143,2.813955660729855,250
71200,4.172057878475341,3.9425465838509317,2.5789014821272884,5.405032467532468,2.8261309854051797,250
71250,4.18347196271446,3.9425465838509317,2.581797235023042,5.3898809523809526,2.8080837173579107,250
71300,4.19378127979499,3.9425465838509317,2.599171752397559,5.44574780058651,2.846576048188951,250
71350,4.202678558301816,3.9470443349753697,2.611290322580645,5.453812316715542,2.8425219941348967,250
71400,4.214641902201985,3.9649014778325125,2.6327188940092165,5.46185064935065,2.8291317553414332,250
71450,4.226897377748059,3.9649014778325125,2.6552995391705068,5.491071428571429,2.835771889400922,250
71500,4.240279631337498,3.9827586206896552,2.6552995391705068,5.513888888888888,2.8585893497183816,250
71550,4.2522193966498545,3.9827586206896552,2.6552995391705068,5.536290322580646,2.880990783410139,250
71600,4.263507988937425,3.9827586206896552,2.6794930875576037,5.540919952210275,2.861426864652671,250
71650,4.277505590010194,4.0,2.6794930875576037,5.575483870967743,2.895990783410139,250
71700,4.289492535511865,4.017857142857142,2.687362637362637,5.585748792270532,2.8983861549078944,250
71750,4.302522395276303,4.017857142857142,2.6811414392059554,5.616459627329192,2.9353181881232366,250
71800,4.315987696473628,4.017857142857142,2.687362637362637,5.616459627329192,2.929096989966555,250
71850,4.327475757999387,4.0350985221674875,2.7108294930875574,5.6281481481481475,2.91731865506059,250
71900,4.337298318525123,4.063311688311688,2.7211981566820276,5.618888888888889,2.8976907322068612,250
71950,4.349793825327862,4.084101382488479,2.72926267281106,5.6281481481481475,2.8988854753370874,250
72000,4.361716750635078,4.100230414746544,2.748792270531401,5.637407407407407,2.888615136876006,250
72050,4.374869810540423,4.1121351766513055,2.739533011272142,5.646537842190016,2.9070048309178738,250
72100,4.389383417006769,4.1282642089093695,2.746031746031746,5.663793103448276,2.9177613574165298,250
72150,4.402406889241192,4.171554252199414,2.746031746031746,5.6941529235382315,2.9481211775064855,250
72200,4.416044003868579,4.186147186147187,2.746031746031746,5.713913043478261,2.9678812974465147,250
72250,4.430932310737507,4.192012288786483,2.757936507936508,5.713913043478261,2.955976535541753,250
72300,4.444966950548902,4.203917050691244,2.7976190476190474,5.723103448275863,2.9254844006568153,250
72350,4.455421349809798,4.215201465201465,2.828853046594982,5.755185185185185,2.9263321385902032,250
72400,4.465036219689649,4.203917050691244,2.828853046594982,5.77695652173913,2.948103475144148,250
72450,4.48010829066579,4.226190476190476,2.85663082437276,5.785303776683087,2.9286729523103268,250
72500,4.496431332911056,4.255411255411255,2.8611111111111107,5.785303776683087,2.924192665571976,250
72550,4.510731403613365,4.279220779220779,2.888888888888889,5.809375,2.9204861111111113,250
72600,4.522975748704057,4.285714285714286,2.8754480286738353,5.815134099616858,2.939686070943023,250
72650,4.535266237605381,4.285714285714286,2.894927536231884,5.823070607553366,2.9281430713214824,250
72700,4.548334213390379,4.288018433179723,2.8754480286738353,5.8747947454844,2.9993467168105648,250
72750,4.5568357769397005,4.285714285714286,2.8754480286738353,5.917307692307693,3.0418596636338577,250
72800,4.571957402210428,4.2967032967032965,2.894927536231884,5.929045092838196,3.0341175566063123,250
72850,4.585166152122813,4.322004608294931,2.894927536231884,5.930769230769231,3.035841694537347,250
72900,4.599591524612848,4.338133640552995,2.894927536231884,5.954907161803714,3.05997962557183,250
72950,4.6093953676378,4.338133640552995,2.8971797884841366,5.951923076923077,3.05474328843894,250
73000,4.617934395146618,4.355990783410138,2.8971797884841366,5.960284280936455,3.0631044924523185,250
73050,4.63310000770001,4.357142857142857,2.927284427284427,5.960284280936455,3.032999853652028,250
73100,4.644637852207936,4.375,2.953416149068323,5.991666666666667,3.0382505175983443,250
73150,4.657042222734168,4.422235023041475,2.953416149068323,5.964130434782609,3.010714285714286,250
73200,4.669832979546195,4.438364055299539,2.97972972972973,6.025,3.0452702702702705,250
73250,4.684753839028021,4.472350230414747,2.97972972972973,6.060869565217391,3.0811398354876616,250
73300,4.6960225818905,4.49020737327189,2.960634547591069,6.060869565217391,3.1002350176263223,250
73350,4.71080527191515,4.508064516129032,2.967391304347826,6.060869565217391,3.0934782608695652,250
73400,4.724980695287744,4.508064516129032,2.978978978978979,6.060869565217391,3.0818905862384125,250
73450,4.737597544677823,4.524193548387097,3.0,6.110416666666667,3.1104166666666666,250
73500,4.751609773412545,4.543424317617866,3.0108695652173916,6.114492753623188,3.1036231884057965,250
73550,4.762550497178065,4.574193548387097,3.0311398354876617,6.114492753623188,3.0833529181355264,250
73600,4.778633447658909,4.574193548387097,3.054232804232804,6.122826086956522,3.0685932827237177,250
73650,4.793772390667616,4.63978494623656,3.054826254826255,6.089920948616601,3.0350946937903456,250
73700,4.810233261089458,4.63978494623656,3.0613756613756613,6.134881422924901,3.07350576154924,250
73750,4.824126881879267,4.655913978494624,3.089026915113872,6.158102766798419,3.069075851684547,250
73800,4.839605038086919,4.674432497013142,3.089026915113872,6.157608695652174,3.068581780538302,250
73850,4.853236532621333,4.704094292803971,3.102678571428571,6.21304347826087,3.1103649068322987,250
73900,4.868672475773659,4.740384615384615,3.126358695652174,6.223076923076923,3.0967182274247493,250
73950,4.880981145950842,4.755,3.138366627497062,6.232692307692307,3.0943256801952455,250
74000,4.891973814149056,4.745384615384616,3.138366627497062,6.264814814814815,3.126448187317753,250
74050,4.907281585055338,4.751920122887865,3.1394927536231885,6.289529914529915,3.1500371609067264,250
74100,4.921928461503616,4.7846153846153845,3.1394927536231885,6.337792642140468,3.1982998885172798,250
74150,4.936760385861598,4.7846153846153845,3.1394927536231885,6.389632107023411,3.2501393534002228,250
74200,4.948489388981506,4.7846153846153845,3.1527777777777777,6.4025135869565215,3.249735809178744,250
74250,4.961585334962112,4.773504273504273,3.1750000000000003,6.404644268774703,3.229644268774703,250
74300,4.975787661898884,4.773504273504273,3.1804347826086956,6.428359683794467,3.247924901185771,250
74350,4.987922774674491,4.773504273504273,3.2043478260869565,6.442028985507246,3.2376811594202897,250
74400,5.002694382575941,4.775985663082437,3.2043478260869565,6.442028985507246,3.2376811594202897,250
74450,5.016293580233099,4.792114695340501,3.2213768115942027,6.469806763285025,3.248429951690822,250
74500,5.032148916630929,4.808243727598566,3.2233883058470765,6.483333333333333,3.259945027486257,250
74550,5.0437709011500536,4.808243727598566,3.2596618357487923,6.515104166666667,3.255442330917875,250
74600,5.0578888596508,4.808243727598566,3.2596618357487923,6.529389880952381,3.269728045203589,250
74650,5.073823586222279,4.823200992555831,3.2527173913043477,6.5400432900432905,3.287325898738943,250
74700,5.092693600672271,4.858560794044665,3.2550675675675675,6.582070707070707,3.327003139503139,250
74750,5.109130944880654,4.846153846153846,3.2550675675675675,6.582070707070707,3.327003139503139,250
74800,5.125322301689486,4.865384615384615,3.2756193693693696,6.628472222222222,3.3528528528528527,250
74850,5.1390148979614425,4.865384615384615,3.2802889095992542,6.61875,3.338461090400746,250
74900,5.152642314274748,4.868233618233619,3.3138397017707364,6.622222222222222,3.3083825204514854,250
74950,5.168428529547667,4.888736263736265,3.3138397017707364,6.633854166666667,3.32001446489593,250
